symbol,window_start,vwap_batch,vwap_speed,abs_error,pct_error,ts
BTCUSDT,2026-09-02T06:17:00+00:00,79412.7448,,,,2026-09-27T06:16:10.121432+00:00
BTCUSDT,2026-09-02T06:18:00+00:00,79427.2301,,,,2026-09-27T06:16:10.121432+00:00
BTCUSDT,2026-09-02T06:19:00+00:00,79444.761,,,,2026-09-27T06:16:10.121432+00:00
BTCUSDT,2026-09-02T06:20:00+00:00,79436.4849,,,,2026-09-27T06:16:10.121432+00:00
BTCUSDT,2026-09-02T06:21:00+00:00,79434.7675,,,,2026-09-27T06:16:10.121432+00:00
BTCUSDT,2026-09-02T06:22:00+00:00,79423.2939,,,,2026-09-27T06:16:10.121432+00:00
BTCUSDT,2026-09-02T06:23:00+00:00,79453.7007,,,,2026-09-27T06:16:10.121432+00:00
BTCUSDT,2026-09-02T06:24:00+00:00,79474.2217,,,,2026-09-27T06:16:10.121432+00:00
BTCUSDT,2026-09-02T06:25:00+00:00,79430.1859,,,,2026-09-27T06:16:10.121432+00:00
BTCUSDT,2026-09-02T06:26:00+00:00,79411.9614,,,,2026-09-27T06:16:10.121432+00:00
BTCUSDT,2026-09-02T06:27:00+00:00,79477.7675,,,,2026-09-27T06:16:10.121432+00:00
BTCUSDT,2026-09-02T06:28:00+00:00,79519.2459,,,,2026-09-27T06:16:10.121432+00:00
BTCUSDT,2026-09-02T06:29:00+00:00,79539.4644,,,,2026-09-27T06:16:10.121432+00:00
BTCUSDT,2026-09-02T06:30:00+00:00,79534.3809,,,,2026-09-27T06:16:10.121432+00:00
BTCUSDT,2026-09-02T06:31:00+00:00,79583.6376,,,,2026-09-27T06:16:10.121432+00:00
BTCUSDT,2026-09-02T06:32:00+00:00,79613.3176,,,,2026-09-27T06:16:10.121432+00:00
BTCUSDT,2026-09-02T06:33:00+00:00,79609.5176,,,,2026-09-27T06:16:10.121432+00:00
BTCUSDT,2026-09-02T06:34:00+00:00,79597.1338,,,,2026-09-27T06:16:10.121432+00:00
BTCUSDT,2026-09-02T06:35:00+00:00,79617.5033,,,,2026-09-27T06:16:10.121432+00:00
BTCUSDT,2026-09-02T06:36:00+00:00,79580.5623,,,,2026-09-27T06:16:10.121432+00:00
BTCUSDT,2026-09-02T06:37:00+00:00,79604.6578,,,,2026-09-27T06:16:10.121432+00:00
BTCUSDT,2026-09-02T06:38:00+00:00,79608.334,,,,2026-09-27T06:16:10.121432+00:00
BTCUSDT,2026-09-02T06:39:00+00:00,79572.8065,,,,2026-09-27T06:16:10.121432+00:00
BTCUSDT,2026-09-02T06:40:00+00:00,79602.1762,,,,2026-09-27T06:16:10.121432+00:00
BTCUSDT,2026-09-02T06:41:00+00:00,79628.8975,,,,2026-09-27T06:16:10.121432+00:00
BTCUSDT,2026-09-02T06:42:00+00:00,79609.2008,,,,2026-09-27T06:16:10.121432+00:00
BTCUSDT,2026-09-02T06:43:00+00:00,79581.3382,,,,2026-09-27T06:16:10.121432+00:00
BTCUSDT,2026-09-02T06:44:00+00:00,79623.5265,,,,2026-09-27T06:16:10.121432+00:00
BTCUSDT,2026-09-02T06:45:00+00:00,79602.7965,,,,2026-09-27T06:16:10.121432+00:00
BTCUSDT,2026-09-02T06:46:00+00:00,79569.0931,,,,2026-09-27T06:16:10.121432+00:00
BTCUSDT,2026-09-02T06:47:00+00:00,79545.6407,,,,2026-09-27T06:16:10.121432+00:00
BTCUSDT,2026-09-02T06:48:00+00:00,79609.046,,,,2026-09-27T06:16:10.121432+00:00
BTCUSDT,2026-09-02T06:49:00+00:00,79573.4689,,,,2026-09-27T06:16:10.121432+00:00
BTCUSDT,2026-09-02T06:50:00+00:00,79576.6605,,,,2026-09-27T06:16:10.121432+00:00
BTCUSDT,2026-09-02T06:51:00+00:00,79664.447,,,,2026-09-27T06:16:10.121432+00:00
BTCUSDT,2026-09-02T06:52:00+00:00,79728.0987,,,,2026-09-27T06:16:10.121432+00:00
BTCUSDT,2026-09-02T06:53:00+00:00,79655.6797,,,,2026-09-27T06:16:10.121432+00:00
BTCUSDT,2026-09-02T06:54:00+00:00,79679.7672,,,,2026-09-27T06:16:10.121432+00:00
BTCUSDT,2026-09-02T06:55:00+00:00,79689.8521,,,,2026-09-27T06:16:10.121432+00:00
BTCUSDT,2026-09-02T06:56:00+00:00,79648.1707,,,,2026-09-27T06:16:10.121432+00:00
BTCUSDT,2026-09-02T06:57:00+00:00,79613.176,,,,2026-09-27T06:16:10.121432+00:00
BTCUSDT,2026-09-02T06:58:00+00:00,79597.7865,,,,2026-09-27T06:16:10.121432+00:00
BTCUSDT,2026-09-02T06:59:00+00:00,79569.09,,,,2026-09-27T06:16:10.121432+00:00
BTCUSDT,2026-09-02T07:00:00+00:00,79591.0633,,,,2026-09-27T06:16:10.121432+00:00
BTCUSDT,2026-09-02T07:01:00+00:00,79549.6153,,,,2026-09-27T06:16:10.121432+00:00
BTCUSDT,2026-09-02T07:02:00+00:00,79553.73,,,,2026-09-27T06:16:10.121432+00:00
BTCUSDT,2026-09-02T07:03:00+00:00,79513.613,,,,2026-09-27T06:16:10.121432+00:00
BTCUSDT,2026-09-02T07:04:00+00:00,79581.6455,,,,2026-09-27T06:16:10.121432+00:00
BTCUSDT,2026-09-02T07:05:00+00:00,79592.2595,,,,2026-09-27T06:16:10.121432+00:00
BTCUSDT,2026-09-02T07:06:00+00:00,79598.1287,,,,2026-09-27T06:16:10.121432+00:00
BTCUSDT,2026-09-02T07:07:00+00:00,79601.6258,,,,2026-09-27T06:16:10.121432+00:00
BTCUSDT,2026-09-02T07:08:00+00:00,79627.9634,,,,2026-09-27T06:16:10.121432+00:00
BTCUSDT,2026-09-02T07:09:00+00:00,79640.834,,,,2026-09-27T06:16:10.121432+00:00
BTCUSDT,2026-09-02T07:10:00+00:00,79608.6555,,,,2026-09-27T06:16:10.121432+00:00
BTCUSDT,2026-09-02T07:11:00+00:00,79620.7459,,,,2026-09-27T06:16:10.121432+00:00
BTCUSDT,2026-09-02T07:12:00+00:00,79598.647,,,,2026-09-27T06:16:10.121432+00:00
BTCUSDT,2026-09-02T07:13:00+00:00,79553.8222,,,,2026-09-27T06:16:10.121432+00:00
BTCUSDT,2026-09-02T07:14:00+00:00,79533.8864,,,,2026-09-27T06:16:10.121432+00:00
BTCUSDT,2026-09-02T07:15:00+00:00,79542.5898,,,,2026-09-27T06:16:10.121432+00:00
BTCUSDT,2026-09-02T07:16:00+00:00,79569.3777,,,,2026-09-27T06:16:10.121432+00:00
BTCUSDT,2026-09-02T07:17:00+00:00,79571.697,,,,2026-09-27T06:16:10.121432+00:00
BTCUSDT,2026-09-02T07:18:00+00:00,79604.7563,,,,2026-09-27T06:16:10.121432+00:00
BTCUSDT,2026-09-02T07:19:00+00:00,79662.137,,,,2026-09-27T06:16:10.121432+00:00
BTCUSDT,2026-09-02T07:20:00+00:00,79650.192,,,,2026-09-27T06:16:10.121432+00:00
BTCUSDT,2026-09-02T07:21:00+00:00,79653.7981,,,,2026-09-27T06:16:10.121432+00:00
BTCUSDT,2026-09-02T07:22:00+00:00,79648.2835,,,,2026-09-27T06:16:10.121432+00:00
BTCUSDT,2026-09-02T07:23:00+00:00,79702.2818,,,,2026-09-27T06:16:10.121432+00:00
BTCUSDT,2026-09-02T07:24:00+00:00,79650.617,,,,2026-09-27T06:16:10.121432+00:00
BTCUSDT,2026-09-02T07:25:00+00:00,79676.6582,,,,2026-09-27T06:16:10.121432+00:00
BTCUSDT,2026-09-02T07:26:00+00:00,79647.2711,,,,2026-09-27T06:16:10.121432+00:00
BTCUSDT,2026-09-02T07:27:00+00:00,79724.1445,,,,2026-09-27T06:16:10.121432+00:00
BTCUSDT,2026-09-02T07:28:00+00:00,79696.8726,,,,2026-09-27T06:16:10.121432+00:00
BTCUSDT,2026-09-02T07:29:00+00:00,79728.8157,,,,2026-09-27T06:16:10.121432+00:00
BTCUSDT,2026-09-02T07:30:00+00:00,79737.2357,,,,2026-09-27T06:16:10.121432+00:00
BTCUSDT,2026-09-02T07:31:00+00:00,79750.0809,,,,2026-09-27T06:16:10.121432+00:00
BTCUSDT,2026-09-02T07:32:00+00:00,79715.1995,,,,2026-09-27T06:16:10.121432+00:00
BTCUSDT,2026-09-02T07:33:00+00:00,79692.2754,,,,2026-09-27T06:16:10.121432+00:00
BTCUSDT,2026-09-02T07:34:00+00:00,79699.8163,,,,2026-09-27T06:16:10.121432+00:00
BTCUSDT,2026-09-02T07:35:00+00:00,79706.6468,,,,2026-09-27T06:16:10.121432+00:00
BTCUSDT,2026-09-02T07:36:00+00:00,79639.3511,,,,2026-09-27T06:16:10.121432+00:00
BTCUSDT,2026-09-02T07:37:00+00:00,79635.5785,,,,2026-09-27T06:16:10.121432+00:00
BTCUSDT,2026-09-02T07:38:00+00:00,79641.481,,,,2026-09-27T06:16:10.121432+00:00
BTCUSDT,2026-09-02T07:39:00+00:00,79586.2096,,,,2026-09-27T06:16:10.121432+00:00
BTCUSDT,2026-09-02T07:40:00+00:00,79599.3841,,,,2026-09-27T06:16:10.121432+00:00
BTCUSDT,2026-09-02T07:41:00+00:00,79574.2133,,,,2026-09-27T06:16:10.121432+00:00
BTCUSDT,2026-09-02T07:42:00+00:00,79551.5302,,,,2026-09-27T06:16:10.121432+00:00
BTCUSDT,2026-09-02T07:43:00+00:00,79529.9635,,,,2026-09-27T06:16:10.121432+00:00
BTCUSDT,2026-09-02T07:44:00+00:00,79561.6877,,,,2026-09-27T06:16:10.121432+00:00
BTCUSDT,2026-09-02T07:45:00+00:00,79569.848,,,,2026-09-27T06:16:10.121432+00:00
BTCUSDT,2026-09-02T07:46:00+00:00,79574.014,,,,2026-09-27T06:16:10.121432+00:00
BTCUSDT,2026-09-02T07:47:00+00:00,79538.0502,,,,2026-09-27T06:16:10.121432+00:00
BTCUSDT,2026-09-02T07:48:00+00:00,79502.9067,,,,2026-09-27T06:16:10.121432+00:00
BTCUSDT,2026-09-02T07:49:00+00:00,79519.4019,,,,2026-09-27T06:16:10.121432+00:00
BTCUSDT,2026-09-02T07:50:00+00:00,79480.542,,,,2026-09-27T06:16:10.121432+00:00
BTCUSDT,2026-09-02T07:51:00+00:00,79517.2742,,,,2026-09-27T06:16:10.121432+00:00
BTCUSDT,2026-09-02T07:52:00+00:00,79538.5105,,,,2026-09-27T06:16:10.121432+00:00
BTCUSDT,2026-09-02T07:53:00+00:00,79506.7686,,,,2026-09-27T06:16:10.121432+00:00
BTCUSDT,2026-09-02T07:54:00+00:00,79531.1504,,,,2026-09-27T06:16:10.121432+00:00
BTCUSDT,2026-09-02T07:55:00+00:00,79616.3765,,,,2026-09-27T06:16:10.121432+00:00
BTCUSDT,2026-09-02T07:56:00+00:00,79614.8909,,,,2026-09-27T06:16:10.121432+00:00
BTCUSDT,2026-09-02T07:57:00+00:00,79515.0022,,,,2026-09-27T06:16:10.121432+00:00
BTCUSDT,2026-09-02T07:58:00+00:00,79513.226,,,,2026-09-27T06:16:10.121432+00:00
BTCUSDT,2026-09-02T07:59:00+00:00,79499.3505,,,,2026-09-27T06:16:10.121432+00:00
BTCUSDT,2026-09-02T08:00:00+00:00,79513.1053,,,,2026-09-27T06:16:10.121432+00:00
BTCUSDT,2026-09-02T08:01:00+00:00,79544.6806,,,,2026-09-27T06:16:10.121432+00:00
BTCUSDT,2026-09-02T08:02:00+00:00,79532.0488,,,,2026-09-27T06:16:10.121432+00:00
BTCUSDT,2026-09-02T08:03:00+00:00,79482.209,,,,2026-09-27T06:16:10.121432+00:00
BTCUSDT,2026-09-02T08:04:00+00:00,79489.8151,,,,2026-09-27T06:16:10.121432+00:00
BTCUSDT,2026-09-02T08:05:00+00:00,79449.6743,,,,2026-09-27T06:16:10.121432+00:00
BTCUSDT,2026-09-02T08:06:00+00:00,79428.1616,,,,2026-09-27T06:16:10.121432+00:00
BTCUSDT,2026-09-02T08:07:00+00:00,79443.0845,,,,2026-09-27T06:16:10.121432+00:00
BTCUSDT,2026-09-02T08:08:00+00:00,79446.7789,,,,2026-09-27T06:16:10.121432+00:00
ETHUSDT,2026-09-02T06:17:00+00:00,2440.1267,,,,2026-09-27T06:16:10.139062+00:00
ETHUSDT,2026-09-02T06:18:00+00:00,2439.9189,,,,2026-09-27T06:16:10.139062+00:00
ETHUSDT,2026-09-02T06:19:00+00:00,2439.2651,,,,2026-09-27T06:16:10.139062+00:00
ETHUSDT,2026-09-02T06:20:00+00:00,2438.5399,,,,2026-09-27T06:16:10.139062+00:00
ETHUSDT,2026-09-02T06:21:00+00:00,2439.2569,,,,2026-09-27T06:16:10.139062+00:00
ETHUSDT,2026-09-02T06:22:00+00:00,2440.3013,,,,2026-09-27T06:16:10.139062+00:00
ETHUSDT,2026-09-02T06:23:00+00:00,2441.7794,,,,2026-09-27T06:16:10.139062+00:00
ETHUSDT,2026-09-02T06:24:00+00:00,2439.9222,,,,2026-09-27T06:16:10.139062+00:00
ETHUSDT,2026-09-02T06:25:00+00:00,2438.9384,,,,2026-09-27T06:16:10.139062+00:00
ETHUSDT,2026-09-02T06:26:00+00:00,2440.0977,,,,2026-09-27T06:16:10.139062+00:00
ETHUSDT,2026-09-02T06:27:00+00:00,2441.1943,,,,2026-09-27T06:16:10.139062+00:00
ETHUSDT,2026-09-02T06:28:00+00:00,2439.8126,,,,2026-09-27T06:16:10.139062+00:00
ETHUSDT,2026-09-02T06:29:00+00:00,2439.4711,,,,2026-09-27T06:16:10.139062+00:00
ETHUSDT,2026-09-02T06:30:00+00:00,2438.9819,,,,2026-09-27T06:16:10.139062+00:00
ETHUSDT,2026-09-02T06:31:00+00:00,2437.8414,,,,2026-09-27T06:16:10.139062+00:00
ETHUSDT,2026-09-02T06:32:00+00:00,2439.4245,,,,2026-09-27T06:16:10.139062+00:00
ETHUSDT,2026-09-02T06:33:00+00:00,2439.3044,,,,2026-09-27T06:16:10.139062+00:00
ETHUSDT,2026-09-02T06:34:00+00:00,2437.1469,,,,2026-09-27T06:16:10.139062+00:00
ETHUSDT,2026-09-02T06:35:00+00:00,2438.2719,,,,2026-09-27T06:16:10.139062+00:00
ETHUSDT,2026-09-02T06:36:00+00:00,2437.1181,,,,2026-09-27T06:16:10.139062+00:00
ETHUSDT,2026-09-02T06:37:00+00:00,2439.2204,,,,2026-09-27T06:16:10.139062+00:00
ETHUSDT,2026-09-02T06:38:00+00:00,2439.3676,,,,2026-09-27T06:16:10.139062+00:00
ETHUSDT,2026-09-02T06:39:00+00:00,2438.1151,,,,2026-09-27T06:16:10.139062+00:00
ETHUSDT,2026-09-02T06:40:00+00:00,2438.5889,,,,2026-09-27T06:16:10.139062+00:00
ETHUSDT,2026-09-02T06:41:00+00:00,2438.5507,,,,2026-09-27T06:16:10.139062+00:00
ETHUSDT,2026-09-02T06:42:00+00:00,2437.7085,,,,2026-09-27T06:16:10.139062+00:00
ETHUSDT,2026-09-02T06:43:00+00:00,2438.929,,,,2026-09-27T06:16:10.139062+00:00
ETHUSDT,2026-09-02T06:44:00+00:00,2438.7659,,,,2026-09-27T06:16:10.139062+00:00
ETHUSDT,2026-09-02T06:45:00+00:00,2437.9914,,,,2026-09-27T06:16:10.139062+00:00
ETHUSDT,2026-09-02T06:46:00+00:00,2436.8461,,,,2026-09-27T06:16:10.139062+00:00
ETHUSDT,2026-09-02T06:47:00+00:00,2434.6985,,,,2026-09-27T06:16:10.139062+00:00
ETHUSDT,2026-09-02T06:48:00+00:00,2435.0233,,,,2026-09-27T06:16:10.139062+00:00
ETHUSDT,2026-09-02T06:49:00+00:00,2437.344,,,,2026-09-27T06:16:10.139062+00:00
ETHUSDT,2026-09-02T06:50:00+00:00,2437.0266,,,,2026-09-27T06:16:10.139062+00:00
ETHUSDT,2026-09-02T06:51:00+00:00,2438.0306,,,,2026-09-27T06:16:10.139062+00:00
ETHUSDT,2026-09-02T06:52:00+00:00,2437.3477,,,,2026-09-27T06:16:10.139062+00:00
ETHUSDT,2026-09-02T06:53:00+00:00,2438.8854,,,,2026-09-27T06:16:10.139062+00:00
ETHUSDT,2026-09-02T06:54:00+00:00,2440.6681,,,,2026-09-27T06:16:10.139062+00:00
ETHUSDT,2026-09-02T06:55:00+00:00,2439.7266,,,,2026-09-27T06:16:10.139062+00:00
ETHUSDT,2026-09-02T06:56:00+00:00,2438.1083,,,,2026-09-27T06:16:10.139062+00:00
ETHUSDT,2026-09-02T06:57:00+00:00,2438.5087,,,,2026-09-27T06:16:10.139062+00:00
ETHUSDT,2026-09-02T06:58:00+00:00,2439.3156,,,,2026-09-27T06:16:10.139062+00:00
ETHUSDT,2026-09-02T06:59:00+00:00,2439.0252,,,,2026-09-27T06:16:10.139062+00:00
ETHUSDT,2026-09-02T07:00:00+00:00,2439.652,,,,2026-09-27T06:16:10.139062+00:00
ETHUSDT,2026-09-02T07:01:00+00:00,2441.0538,,,,2026-09-27T06:16:10.139062+00:00
ETHUSDT,2026-09-02T07:02:00+00:00,2442.9921,,,,2026-09-27T06:16:10.139062+00:00
ETHUSDT,2026-09-02T07:03:00+00:00,2440.1777,,,,2026-09-27T06:16:10.139062+00:00
ETHUSDT,2026-09-02T07:04:00+00:00,2439.8804,,,,2026-09-27T06:16:10.139062+00:00
ETHUSDT,2026-09-02T07:05:00+00:00,2439.7428,,,,2026-09-27T06:16:10.139062+00:00
ETHUSDT,2026-09-02T07:06:00+00:00,2439.86,,,,2026-09-27T06:16:10.139062+00:00
ETHUSDT,2026-09-02T07:07:00+00:00,2438.6851,,,,2026-09-27T06:16:10.139062+00:00
ETHUSDT,2026-09-02T07:08:00+00:00,2438.1925,,,,2026-09-27T06:16:10.139062+00:00
ETHUSDT,2026-09-02T07:09:00+00:00,2438.641,,,,2026-09-27T06:16:10.139062+00:00
ETHUSDT,2026-09-02T07:10:00+00:00,2437.6305,,,,2026-09-27T06:16:10.139062+00:00
ETHUSDT,2026-09-02T07:11:00+00:00,2437.2682,,,,2026-09-27T06:16:10.139062+00:00
ETHUSDT,2026-09-02T07:12:00+00:00,2436.4907,,,,2026-09-27T06:16:10.139062+00:00
ETHUSDT,2026-09-02T07:13:00+00:00,2437.1905,,,,2026-09-27T06:16:10.139062+00:00
ETHUSDT,2026-09-02T07:14:00+00:00,2435.9621,,,,2026-09-27T06:16:10.139062+00:00
ETHUSDT,2026-09-02T07:15:00+00:00,2437.458,,,,2026-09-27T06:16:10.139062+00:00
ETHUSDT,2026-09-02T07:16:00+00:00,2438.0772,,,,2026-09-27T06:16:10.139062+00:00
ETHUSDT,2026-09-02T07:17:00+00:00,2436.8413,,,,2026-09-27T06:16:10.139062+00:00
ETHUSDT,2026-09-02T07:18:00+00:00,2436.2686,,,,2026-09-27T06:16:10.139062+00:00
ETHUSDT,2026-09-02T07:19:00+00:00,2435.8074,,,,2026-09-27T06:16:10.139062+00:00
ETHUSDT,2026-09-02T07:20:00+00:00,2435.1552,,,,2026-09-27T06:16:10.139062+00:00
ETHUSDT,2026-09-02T07:21:00+00:00,2435.8533,,,,2026-09-27T06:16:10.139062+00:00
ETHUSDT,2026-09-02T07:22:00+00:00,2435.8009,,,,2026-09-27T06:16:10.139062+00:00
ETHUSDT,2026-09-02T07:23:00+00:00,2434.3928,,,,2026-09-27T06:16:10.139062+00:00
ETHUSDT,2026-09-02T07:24:00+00:00,2434.7167,,,,2026-09-27T06:16:10.139062+00:00
ETHUSDT,2026-09-02T07:25:00+00:00,2434.722,,,,2026-09-27T06:16:10.139062+00:00
ETHUSDT,2026-09-02T07:26:00+00:00,2431.5348,,,,2026-09-27T06:16:10.139062+00:00
ETHUSDT,2026-09-02T07:27:00+00:00,2433.6675,,,,2026-09-27T06:16:10.139062+00:00
ETHUSDT,2026-09-02T07:28:00+00:00,2434.3827,,,,2026-09-27T06:16:10.139062+00:00
ETHUSDT,2026-09-02T07:29:00+00:00,2432.4081,,,,2026-09-27T06:16:10.139062+00:00
ETHUSDT,2026-09-02T07:30:00+00:00,2434.3758,,,,2026-09-27T06:16:10.139062+00:00
ETHUSDT,2026-09-02T07:31:00+00:00,2434.4346,,,,2026-09-27T06:16:10.139062+00:00
ETHUSDT,2026-09-02T07:32:00+00:00,2433.7864,,,,2026-09-27T06:16:10.139062+00:00
ETHUSDT,2026-09-02T07:33:00+00:00,2431.1942,,,,2026-09-27T06:16:10.139062+00:00
ETHUSDT,2026-09-02T07:34:00+00:00,2432.0652,,,,2026-09-27T06:16:10.139062+00:00
ETHUSDT,2026-09-02T07:35:00+00:00,2432.8354,,,,2026-09-27T06:16:10.139062+00:00
ETHUSDT,2026-09-02T07:36:00+00:00,2434.3455,,,,2026-09-27T06:16:10.139062+00:00
ETHUSDT,2026-09-02T07:37:00+00:00,2434.2002,,,,2026-09-27T06:16:10.139062+00:00
ETHUSDT,2026-09-02T07:38:00+00:00,2431.6981,,,,2026-09-27T06:16:10.139062+00:00
ETHUSDT,2026-09-02T07:39:00+00:00,2432.2251,,,,2026-09-27T06:16:10.139062+00:00
ETHUSDT,2026-09-02T07:40:00+00:00,2433.9568,,,,2026-09-27T06:16:10.139062+00:00
ETHUSDT,2026-09-02T07:41:00+00:00,2435.3555,,,,2026-09-27T06:16:10.139062+00:00
ETHUSDT,2026-09-02T07:42:00+00:00,2436.8772,,,,2026-09-27T06:16:10.139062+00:00
ETHUSDT,2026-09-02T07:43:00+00:00,2435.7611,,,,2026-09-27T06:16:10.139062+00:00
ETHUSDT,2026-09-02T07:44:00+00:00,2434.4552,,,,2026-09-27T06:16:10.139062+00:00
ETHUSDT,2026-09-02T07:45:00+00:00,2435.6582,,,,2026-09-27T06:16:10.139062+00:00
ETHUSDT,2026-09-02T07:46:00+00:00,2435.2008,,,,2026-09-27T06:16:10.139062+00:00
ETHUSDT,2026-09-02T07:47:00+00:00,2436.5124,,,,2026-09-27T06:16:10.139062+00:00
ETHUSDT,2026-09-02T07:48:00+00:00,2435.498,,,,2026-09-27T06:16:10.139062+00:00
ETHUSDT,2026-09-02T07:49:00+00:00,2435.9192,,,,2026-09-27T06:16:10.139062+00:00
ETHUSDT,2026-09-02T07:50:00+00:00,2433.9385,,,,2026-09-27T06:16:10.139062+00:00
ETHUSDT,2026-09-02T07:51:00+00:00,2432.9225,,,,2026-09-27T06:16:10.139062+00:00
ETHUSDT,2026-09-02T07:52:00+00:00,2433.3325,,,,2026-09-27T06:16:10.139062+00:00
ETHUSDT,2026-09-02T07:53:00+00:00,2432.2855,,,,2026-09-27T06:16:10.139062+00:00
ETHUSDT,2026-09-02T07:54:00+00:00,2433.7631,,,,2026-09-27T06:16:10.139062+00:00
ETHUSDT,2026-09-02T07:55:00+00:00,2434.7454,,,,2026-09-27T06:16:10.139062+00:00
ETHUSDT,2026-09-02T07:56:00+00:00,2432.6013,,,,2026-09-27T06:16:10.139062+00:00
ETHUSDT,2026-09-02T07:57:00+00:00,2432.7083,,,,2026-09-27T06:16:10.139062+00:00
ETHUSDT,2026-09-02T07:58:00+00:00,2430.859,,,,2026-09-27T06:16:10.139062+00:00
ETHUSDT,2026-09-02T07:59:00+00:00,2433.5677,,,,2026-09-27T06:16:10.139062+00:00
ETHUSDT,2026-09-02T08:00:00+00:00,2435.8423,,,,2026-09-27T06:16:10.139062+00:00
ETHUSDT,2026-09-02T08:01:00+00:00,2437.3461,,,,2026-09-27T06:16:10.139062+00:00
ETHUSDT,2026-09-02T08:02:00+00:00,2436.5364,,,,2026-09-27T06:16:10.139062+00:00
ETHUSDT,2026-09-02T08:03:00+00:00,2435.1201,,,,2026-09-27T06:16:10.139062+00:00
ETHUSDT,2026-09-02T08:04:00+00:00,2435.7787,,,,2026-09-27T06:16:10.139062+00:00
ETHUSDT,2026-09-02T08:05:00+00:00,2434.3632,,,,2026-09-27T06:16:10.139062+00:00
ETHUSDT,2026-09-02T08:06:00+00:00,2435.524,,,,2026-09-27T06:16:10.139062+00:00
ETHUSDT,2026-09-02T08:07:00+00:00,2435.0763,,,,2026-09-27T06:16:10.139062+00:00
ETHUSDT,2026-09-02T08:08:00+00:00,2433.2359,,,,2026-09-27T06:16:10.139062+00:00
BTCUSDT,2026-09-02T06:08:00+00:00,79334.6082,,,,2026-09-29T07:52:04.975088+00:00
BTCUSDT,2026-09-02T06:08:00+00:00,79334.6082,,,,2026-09-29T07:52:04.975088+00:00
BTCUSDT,2026-09-02T06:09:00+00:00,79373.6704,,,,2026-09-29T07:52:04.975088+00:00
BTCUSDT,2026-09-02T06:09:00+00:00,79373.6704,,,,2026-09-29T07:52:04.975088+00:00
BTCUSDT,2026-09-02T06:10:00+00:00,79393.4665,,,,2026-09-29T07:52:04.975088+00:00
BTCUSDT,2026-09-02T06:10:00+00:00,79393.4665,,,,2026-09-29T07:52:04.975088+00:00
BTCUSDT,2026-09-02T06:11:00+00:00,79454.2625,,,,2026-09-29T07:52:04.975088+00:00
BTCUSDT,2026-09-02T06:11:00+00:00,79454.2625,,,,2026-09-29T07:52:04.975088+00:00
BTCUSDT,2026-09-02T06:12:00+00:00,79374.9343,,,,2026-09-29T07:52:04.975088+00:00
BTCUSDT,2026-09-02T06:12:00+00:00,79374.9343,,,,2026-09-29T07:52:04.975088+00:00
BTCUSDT,2026-09-02T06:13:00+00:00,79367.9234,,,,2026-09-29T07:52:04.975088+00:00
BTCUSDT,2026-09-02T06:13:00+00:00,79367.9234,,,,2026-09-29T07:52:04.975088+00:00
BTCUSDT,2026-09-02T06:14:00+00:00,79372.5229,,,,2026-09-29T07:52:04.975088+00:00
BTCUSDT,2026-09-02T06:14:00+00:00,79372.5229,,,,2026-09-29T07:52:04.975088+00:00
BTCUSDT,2026-09-02T06:15:00+00:00,79397.0388,,,,2026-09-29T07:52:04.975088+00:00
BTCUSDT,2026-09-02T06:15:00+00:00,79397.0388,,,,2026-09-29T07:52:04.975088+00:00
BTCUSDT,2026-09-02T06:16:00+00:00,79411.7421,,,,2026-09-29T07:52:04.975088+00:00
BTCUSDT,2026-09-02T06:16:00+00:00,79411.7421,,,,2026-09-29T07:52:04.975088+00:00
BTCUSDT,2026-09-02T06:17:00+00:00,79412.7448,,,,2026-09-29T07:52:04.975088+00:00
BTCUSDT,2026-09-02T06:17:00+00:00,79412.7448,,,,2026-09-29T07:52:04.975088+00:00
BTCUSDT,2026-09-02T06:18:00+00:00,79427.2301,,,,2026-09-29T07:52:04.975088+00:00
BTCUSDT,2026-09-02T06:18:00+00:00,79427.2301,,,,2026-09-29T07:52:04.975088+00:00
BTCUSDT,2026-09-02T06:19:00+00:00,79444.761,,,,2026-09-29T07:52:04.975088+00:00
BTCUSDT,2026-09-02T06:19:00+00:00,79444.761,,,,2026-09-29T07:52:04.975088+00:00
BTCUSDT,2026-09-02T06:20:00+00:00,79436.4849,,,,2026-09-29T07:52:04.975088+00:00
BTCUSDT,2026-09-02T06:20:00+00:00,79436.4849,,,,2026-09-29T07:52:04.975088+00:00
BTCUSDT,2026-09-02T06:21:00+00:00,79434.7675,,,,2026-09-29T07:52:04.975088+00:00
BTCUSDT,2026-09-02T06:21:00+00:00,79434.7675,,,,2026-09-29T07:52:04.975088+00:00
BTCUSDT,2026-09-02T06:22:00+00:00,79423.2939,,,,2026-09-29T07:52:04.975088+00:00
BTCUSDT,2026-09-02T06:22:00+00:00,79423.2939,,,,2026-09-29T07:52:04.975088+00:00
BTCUSDT,2026-09-02T06:23:00+00:00,79453.7007,,,,2026-09-29T07:52:04.975088+00:00
BTCUSDT,2026-09-02T06:23:00+00:00,79453.7007,,,,2026-09-29T07:52:04.975088+00:00
BTCUSDT,2026-09-02T06:24:00+00:00,79474.2217,,,,2026-09-29T07:52:04.975088+00:00
BTCUSDT,2026-09-02T06:24:00+00:00,79474.2217,,,,2026-09-29T07:52:04.975088+00:00
BTCUSDT,2026-09-02T06:25:00+00:00,79430.1859,,,,2026-09-29T07:52:04.975088+00:00
BTCUSDT,2026-09-02T06:25:00+00:00,79430.1859,,,,2026-09-29T07:52:04.975088+00:00
BTCUSDT,2026-09-02T06:26:00+00:00,79411.9614,,,,2026-09-29T07:52:04.975088+00:00
BTCUSDT,2026-09-02T06:26:00+00:00,79411.9614,,,,2026-09-29T07:52:04.975088+00:00
BTCUSDT,2026-09-02T06:27:00+00:00,79477.7675,,,,2026-09-29T07:52:04.975088+00:00
BTCUSDT,2026-09-02T06:27:00+00:00,79477.7675,,,,2026-09-29T07:52:04.975088+00:00
BTCUSDT,2026-09-02T06:28:00+00:00,79519.2459,,,,2026-09-29T07:52:04.975088+00:00
BTCUSDT,2026-09-02T06:28:00+00:00,79519.2459,,,,2026-09-29T07:52:04.975088+00:00
BTCUSDT,2026-09-02T06:29:00+00:00,79539.4644,,,,2026-09-29T07:52:04.975088+00:00
BTCUSDT,2026-09-02T06:29:00+00:00,79539.4644,,,,2026-09-29T07:52:04.975088+00:00
BTCUSDT,2026-09-02T06:30:00+00:00,79534.3809,,,,2026-09-29T07:52:04.975088+00:00
BTCUSDT,2026-09-02T06:30:00+00:00,79534.3809,,,,2026-09-29T07:52:04.975088+00:00
BTCUSDT,2026-09-02T06:31:00+00:00,79583.6376,,,,2026-09-29T07:52:04.975088+00:00
BTCUSDT,2026-09-02T06:31:00+00:00,79583.6376,,,,2026-09-29T07:52:04.975088+00:00
BTCUSDT,2026-09-02T06:32:00+00:00,79613.3176,,,,2026-09-29T07:52:04.975088+00:00
BTCUSDT,2026-09-02T06:32:00+00:00,79613.3176,,,,2026-09-29T07:52:04.975088+00:00
BTCUSDT,2026-09-02T06:33:00+00:00,79609.5176,,,,2026-09-29T07:52:04.975088+00:00
BTCUSDT,2026-09-02T06:33:00+00:00,79609.5176,,,,2026-09-29T07:52:04.975088+00:00
BTCUSDT,2026-09-02T06:34:00+00:00,79597.1338,,,,2026-09-29T07:52:04.975088+00:00
BTCUSDT,2026-09-02T06:34:00+00:00,79597.1338,,,,2026-09-29T07:52:04.975088+00:00
BTCUSDT,2026-09-02T06:35:00+00:00,79617.5033,,,,2026-09-29T07:52:04.975088+00:00
BTCUSDT,2026-09-02T06:35:00+00:00,79617.5033,,,,2026-09-29T07:52:04.975088+00:00
BTCUSDT,2026-09-02T06:36:00+00:00,79580.5623,,,,2026-09-29T07:52:04.975088+00:00
BTCUSDT,2026-09-02T06:36:00+00:00,79580.5623,,,,2026-09-29T07:52:04.975088+00:00
BTCUSDT,2026-09-02T06:37:00+00:00,79604.6578,,,,2026-09-29T07:52:04.975088+00:00
BTCUSDT,2026-09-02T06:37:00+00:00,79604.6578,,,,2026-09-29T07:52:04.975088+00:00
BTCUSDT,2026-09-02T06:38:00+00:00,79608.334,,,,2026-09-29T07:52:04.975088+00:00
BTCUSDT,2026-09-02T06:38:00+00:00,79608.334,,,,2026-09-29T07:52:04.975088+00:00
BTCUSDT,2026-09-02T06:39:00+00:00,79572.8065,,,,2026-09-29T07:52:04.975088+00:00
BTCUSDT,2026-09-02T06:39:00+00:00,79572.8065,,,,2026-09-29T07:52:04.975088+00:00
BTCUSDT,2026-09-02T06:40:00+00:00,79602.1762,,,,2026-09-29T07:52:04.975088+00:00
BTCUSDT,2026-09-02T06:40:00+00:00,79602.1762,,,,2026-09-29T07:52:04.975088+00:00
BTCUSDT,2026-09-02T06:41:00+00:00,79628.8975,,,,2026-09-29T07:52:04.975088+00:00
BTCUSDT,2026-09-02T06:41:00+00:00,79628.8975,,,,2026-09-29T07:52:04.975088+00:00
BTCUSDT,2026-09-02T06:42:00+00:00,79609.2008,,,,2026-09-29T07:52:04.975088+00:00
BTCUSDT,2026-09-02T06:42:00+00:00,79609.2008,,,,2026-09-29T07:52:04.975088+00:00
BTCUSDT,2026-09-02T06:43:00+00:00,79581.3382,,,,2026-09-29T07:52:04.975088+00:00
BTCUSDT,2026-09-02T06:43:00+00:00,79581.3382,,,,2026-09-29T07:52:04.975088+00:00
BTCUSDT,2026-09-02T06:44:00+00:00,79623.5265,,,,2026-09-29T07:52:04.975088+00:00
BTCUSDT,2026-09-02T06:44:00+00:00,79623.5265,,,,2026-09-29T07:52:04.975088+00:00
BTCUSDT,2026-09-02T06:45:00+00:00,79602.7965,,,,2026-09-29T07:52:04.975088+00:00
BTCUSDT,2026-09-02T06:45:00+00:00,79602.7965,,,,2026-09-29T07:52:04.975088+00:00
BTCUSDT,2026-09-02T06:46:00+00:00,79569.0931,,,,2026-09-29T07:52:04.975088+00:00
BTCUSDT,2026-09-02T06:46:00+00:00,79569.0931,,,,2026-09-29T07:52:04.975088+00:00
BTCUSDT,2026-09-02T06:47:00+00:00,79545.6407,,,,2026-09-29T07:52:04.975088+00:00
BTCUSDT,2026-09-02T06:47:00+00:00,79545.6407,,,,2026-09-29T07:52:04.975088+00:00
BTCUSDT,2026-09-02T06:48:00+00:00,79609.046,,,,2026-09-29T07:52:04.975088+00:00
BTCUSDT,2026-09-02T06:48:00+00:00,79609.046,,,,2026-09-29T07:52:04.975088+00:00
BTCUSDT,2026-09-02T06:49:00+00:00,79573.4689,,,,2026-09-29T07:52:04.975088+00:00
BTCUSDT,2026-09-02T06:49:00+00:00,79573.4689,,,,2026-09-29T07:52:04.975088+00:00
BTCUSDT,2026-09-02T06:50:00+00:00,79576.6605,,,,2026-09-29T07:52:04.975088+00:00
BTCUSDT,2026-09-02T06:50:00+00:00,79576.6605,,,,2026-09-29T07:52:04.975088+00:00
BTCUSDT,2026-09-02T06:51:00+00:00,79664.447,,,,2026-09-29T07:52:04.975088+00:00
BTCUSDT,2026-09-02T06:51:00+00:00,79664.447,,,,2026-09-29T07:52:04.975088+00:00
BTCUSDT,2026-09-02T06:52:00+00:00,79728.0987,,,,2026-09-29T07:52:04.975088+00:00
BTCUSDT,2026-09-02T06:52:00+00:00,79728.0987,,,,2026-09-29T07:52:04.975088+00:00
BTCUSDT,2026-09-02T06:53:00+00:00,79655.6797,,,,2026-09-29T07:52:04.975088+00:00
BTCUSDT,2026-09-02T06:53:00+00:00,79655.6797,,,,2026-09-29T07:52:04.975088+00:00
BTCUSDT,2026-09-02T06:54:00+00:00,79679.7672,,,,2026-09-29T07:52:04.975088+00:00
BTCUSDT,2026-09-02T06:54:00+00:00,79679.7672,,,,2026-09-29T07:52:04.975088+00:00
BTCUSDT,2026-09-02T06:55:00+00:00,79689.8521,,,,2026-09-29T07:52:04.975088+00:00
BTCUSDT,2026-09-02T06:55:00+00:00,79689.8521,,,,2026-09-29T07:52:04.975088+00:00
BTCUSDT,2026-09-02T06:56:00+00:00,79648.1707,,,,2026-09-29T07:52:04.975088+00:00
BTCUSDT,2026-09-02T06:56:00+00:00,79648.1707,,,,2026-09-29T07:52:04.975088+00:00
BTCUSDT,2026-09-02T06:57:00+00:00,79613.176,,,,2026-09-29T07:52:04.975088+00:00
BTCUSDT,2026-09-02T06:57:00+00:00,79613.176,,,,2026-09-29T07:52:04.975088+00:00
BTCUSDT,2026-09-02T06:58:00+00:00,79597.7865,,,,2026-09-29T07:52:04.975088+00:00
BTCUSDT,2026-09-02T06:58:00+00:00,79597.7865,,,,2026-09-29T07:52:04.975088+00:00
BTCUSDT,2026-09-02T06:59:00+00:00,79569.09,,,,2026-09-29T07:52:04.975088+00:00
BTCUSDT,2026-09-02T06:59:00+00:00,79569.09,,,,2026-09-29T07:52:04.975088+00:00
BTCUSDT,2026-09-02T07:00:00+00:00,79591.0633,,,,2026-09-29T07:52:04.975088+00:00
BTCUSDT,2026-09-02T07:00:00+00:00,79591.0633,,,,2026-09-29T07:52:04.975088+00:00
BTCUSDT,2026-09-02T07:01:00+00:00,79549.6153,,,,2026-09-29T07:52:04.975088+00:00
BTCUSDT,2026-09-02T07:01:00+00:00,79549.6153,,,,2026-09-29T07:52:04.975088+00:00
BTCUSDT,2026-09-02T07:02:00+00:00,79553.73,,,,2026-09-29T07:52:04.975088+00:00
BTCUSDT,2026-09-02T07:02:00+00:00,79553.73,,,,2026-09-29T07:52:04.975088+00:00
BTCUSDT,2026-09-02T07:03:00+00:00,79513.613,,,,2026-09-29T07:52:04.975088+00:00
BTCUSDT,2026-09-02T07:03:00+00:00,79513.613,,,,2026-09-29T07:52:04.975088+00:00
BTCUSDT,2026-09-02T07:04:00+00:00,79581.6455,,,,2026-09-29T07:52:04.975088+00:00
BTCUSDT,2026-09-02T07:04:00+00:00,79581.6455,,,,2026-09-29T07:52:04.975088+00:00
BTCUSDT,2026-09-02T07:05:00+00:00,79592.2595,,,,2026-09-29T07:52:04.975088+00:00
BTCUSDT,2026-09-02T07:05:00+00:00,79592.2595,,,,2026-09-29T07:52:04.975088+00:00
BTCUSDT,2026-09-02T07:06:00+00:00,79598.1287,,,,2026-09-29T07:52:04.975088+00:00
BTCUSDT,2026-09-02T07:06:00+00:00,79598.1287,,,,2026-09-29T07:52:04.975088+00:00
BTCUSDT,2026-09-02T07:07:00+00:00,79601.6258,,,,2026-09-29T07:52:04.975088+00:00
BTCUSDT,2026-09-02T07:07:00+00:00,79601.6258,,,,2026-09-29T07:52:04.975088+00:00
ETHUSDT,2026-09-02T06:08:00+00:00,2437.8748,,,,2026-09-29T07:52:05.084448+00:00
ETHUSDT,2026-09-02T06:08:00+00:00,2437.8748,,,,2026-09-29T07:52:05.084448+00:00
ETHUSDT,2026-09-02T06:09:00+00:00,2438.0351,,,,2026-09-29T07:52:05.084448+00:00
ETHUSDT,2026-09-02T06:09:00+00:00,2438.0351,,,,2026-09-29T07:52:05.084448+00:00
ETHUSDT,2026-09-02T06:10:00+00:00,2440.307,,,,2026-09-29T07:52:05.084448+00:00
ETHUSDT,2026-09-02T06:10:00+00:00,2440.307,,,,2026-09-29T07:52:05.084448+00:00
ETHUSDT,2026-09-02T06:11:00+00:00,2441.0202,,,,2026-09-29T07:52:05.084448+00:00
ETHUSDT,2026-09-02T06:11:00+00:00,2441.0202,,,,2026-09-29T07:52:05.084448+00:00
ETHUSDT,2026-09-02T06:12:00+00:00,2440.4677,,,,2026-09-29T07:52:05.084448+00:00
ETHUSDT,2026-09-02T06:12:00+00:00,2440.4677,,,,2026-09-29T07:52:05.084448+00:00
ETHUSDT,2026-09-02T06:13:00+00:00,2439.7932,,,,2026-09-29T07:52:05.084448+00:00
ETHUSDT,2026-09-02T06:13:00+00:00,2439.7932,,,,2026-09-29T07:52:05.084448+00:00
ETHUSDT,2026-09-02T06:14:00+00:00,2440.8365,,,,2026-09-29T07:52:05.084448+00:00
ETHUSDT,2026-09-02T06:14:00+00:00,2440.8365,,,,2026-09-29T07:52:05.084448+00:00
ETHUSDT,2026-09-02T06:15:00+00:00,2439.5714,,,,2026-09-29T07:52:05.084448+00:00
ETHUSDT,2026-09-02T06:15:00+00:00,2439.5714,,,,2026-09-29T07:52:05.084448+00:00
ETHUSDT,2026-09-02T06:16:00+00:00,2440.0389,,,,2026-09-29T07:52:05.084448+00:00
ETHUSDT,2026-09-02T06:16:00+00:00,2440.0389,,,,2026-09-29T07:52:05.084448+00:00
ETHUSDT,2026-09-02T06:17:00+00:00,2440.1267,,,,2026-09-29T07:52:05.084448+00:00
ETHUSDT,2026-09-02T06:17:00+00:00,2440.1267,,,,2026-09-29T07:52:05.084448+00:00
ETHUSDT,2026-09-02T06:18:00+00:00,2439.9189,,,,2026-09-29T07:52:05.084448+00:00
ETHUSDT,2026-09-02T06:18:00+00:00,2439.9189,,,,2026-09-29T07:52:05.084448+00:00
ETHUSDT,2026-09-02T06:19:00+00:00,2439.2651,,,,2026-09-29T07:52:05.084448+00:00
ETHUSDT,2026-09-02T06:19:00+00:00,2439.2651,,,,2026-09-29T07:52:05.084448+00:00
ETHUSDT,2026-09-02T06:20:00+00:00,2438.5399,,,,2026-09-29T07:52:05.084448+00:00
ETHUSDT,2026-09-02T06:20:00+00:00,2438.5399,,,,2026-09-29T07:52:05.084448+00:00
ETHUSDT,2026-09-02T06:21:00+00:00,2439.2569,,,,2026-09-29T07:52:05.084448+00:00
ETHUSDT,2026-09-02T06:21:00+00:00,2439.2569,,,,2026-09-29T07:52:05.084448+00:00
ETHUSDT,2026-09-02T06:22:00+00:00,2440.3013,,,,2026-09-29T07:52:05.084448+00:00
ETHUSDT,2026-09-02T06:22:00+00:00,2440.3013,,,,2026-09-29T07:52:05.084448+00:00
ETHUSDT,2026-09-02T06:23:00+00:00,2441.7794,,,,2026-09-29T07:52:05.084448+00:00
ETHUSDT,2026-09-02T06:23:00+00:00,2441.7794,,,,2026-09-29T07:52:05.084448+00:00
ETHUSDT,2026-09-02T06:24:00+00:00,2439.9222,,,,2026-09-29T07:52:05.084448+00:00
ETHUSDT,2026-09-02T06:24:00+00:00,2439.9222,,,,2026-09-29T07:52:05.084448+00:00
ETHUSDT,2026-09-02T06:25:00+00:00,2438.9384,,,,2026-09-29T07:52:05.084448+00:00
ETHUSDT,2026-09-02T06:25:00+00:00,2438.9384,,,,2026-09-29T07:52:05.084448+00:00
ETHUSDT,2026-09-02T06:26:00+00:00,2440.0977,,,,2026-09-29T07:52:05.084448+00:00
ETHUSDT,2026-09-02T06:26:00+00:00,2440.0977,,,,2026-09-29T07:52:05.084448+00:00
ETHUSDT,2026-09-02T06:27:00+00:00,2441.1943,,,,2026-09-29T07:52:05.084448+00:00
ETHUSDT,2026-09-02T06:27:00+00:00,2441.1943,,,,2026-09-29T07:52:05.084448+00:00
ETHUSDT,2026-09-02T06:28:00+00:00,2439.8126,,,,2026-09-29T07:52:05.084448+00:00
ETHUSDT,2026-09-02T06:28:00+00:00,2439.8126,,,,2026-09-29T07:52:05.084448+00:00
ETHUSDT,2026-09-02T06:29:00+00:00,2439.4711,,,,2026-09-29T07:52:05.084448+00:00
ETHUSDT,2026-09-02T06:29:00+00:00,2439.4711,,,,2026-09-29T07:52:05.084448+00:00
ETHUSDT,2026-09-02T06:30:00+00:00,2438.9819,,,,2026-09-29T07:52:05.084448+00:00
ETHUSDT,2026-09-02T06:30:00+00:00,2438.9819,,,,2026-09-29T07:52:05.084448+00:00
ETHUSDT,2026-09-02T06:31:00+00:00,2437.8414,,,,2026-09-29T07:52:05.084448+00:00
ETHUSDT,2026-09-02T06:31:00+00:00,2437.8414,,,,2026-09-29T07:52:05.084448+00:00
ETHUSDT,2026-09-02T06:32:00+00:00,2439.4245,,,,2026-09-29T07:52:05.084448+00:00
ETHUSDT,2026-09-02T06:32:00+00:00,2439.4245,,,,2026-09-29T07:52:05.084448+00:00
ETHUSDT,2026-09-02T06:33:00+00:00,2439.3044,,,,2026-09-29T07:52:05.084448+00:00
ETHUSDT,2026-09-02T06:33:00+00:00,2439.3044,,,,2026-09-29T07:52:05.084448+00:00
ETHUSDT,2026-09-02T06:34:00+00:00,2437.1469,,,,2026-09-29T07:52:05.084448+00:00
ETHUSDT,2026-09-02T06:34:00+00:00,2437.1469,,,,2026-09-29T07:52:05.084448+00:00
ETHUSDT,2026-09-02T06:35:00+00:00,2438.2719,,,,2026-09-29T07:52:05.084448+00:00
ETHUSDT,2026-09-02T06:35:00+00:00,2438.2719,,,,2026-09-29T07:52:05.084448+00:00
ETHUSDT,2026-09-02T06:36:00+00:00,2437.1181,,,,2026-09-29T07:52:05.084448+00:00
ETHUSDT,2026-09-02T06:36:00+00:00,2437.1181,,,,2026-09-29T07:52:05.084448+00:00
ETHUSDT,2026-09-02T06:37:00+00:00,2439.2204,,,,2026-09-29T07:52:05.084448+00:00
ETHUSDT,2026-09-02T06:37:00+00:00,2439.2204,,,,2026-09-29T07:52:05.084448+00:00
ETHUSDT,2026-09-02T06:38:00+00:00,2439.3676,,,,2026-09-29T07:52:05.084448+00:00
ETHUSDT,2026-09-02T06:38:00+00:00,2439.3676,,,,2026-09-29T07:52:05.084448+00:00
ETHUSDT,2026-09-02T06:39:00+00:00,2438.1151,,,,2026-09-29T07:52:05.084448+00:00
ETHUSDT,2026-09-02T06:39:00+00:00,2438.1151,,,,2026-09-29T07:52:05.084448+00:00
ETHUSDT,2026-09-02T06:40:00+00:00,2438.5889,,,,2026-09-29T07:52:05.084448+00:00
ETHUSDT,2026-09-02T06:40:00+00:00,2438.5889,,,,2026-09-29T07:52:05.084448+00:00
ETHUSDT,2026-09-02T06:41:00+00:00,2438.5507,,,,2026-09-29T07:52:05.084448+00:00
ETHUSDT,2026-09-02T06:41:00+00:00,2438.5507,,,,2026-09-29T07:52:05.084448+00:00
ETHUSDT,2026-09-02T06:42:00+00:00,2437.7085,,,,2026-09-29T07:52:05.084448+00:00
ETHUSDT,2026-09-02T06:42:00+00:00,2437.7085,,,,2026-09-29T07:52:05.084448+00:00
ETHUSDT,2026-09-02T06:43:00+00:00,2438.929,,,,2026-09-29T07:52:05.084448+00:00
ETHUSDT,2026-09-02T06:43:00+00:00,2438.929,,,,2026-09-29T07:52:05.084448+00:00
ETHUSDT,2026-09-02T06:44:00+00:00,2438.7659,,,,2026-09-29T07:52:05.084448+00:00
ETHUSDT,2026-09-02T06:44:00+00:00,2438.7659,,,,2026-09-29T07:52:05.084448+00:00
ETHUSDT,2026-09-02T06:45:00+00:00,2437.9914,,,,2026-09-29T07:52:05.084448+00:00
ETHUSDT,2026-09-02T06:45:00+00:00,2437.9914,,,,2026-09-29T07:52:05.084448+00:00
ETHUSDT,2026-09-02T06:46:00+00:00,2436.8461,,,,2026-09-29T07:52:05.084448+00:00
ETHUSDT,2026-09-02T06:46:00+00:00,2436.8461,,,,2026-09-29T07:52:05.084448+00:00
ETHUSDT,2026-09-02T06:47:00+00:00,2434.6985,,,,2026-09-29T07:52:05.084448+00:00
ETHUSDT,2026-09-02T06:47:00+00:00,2434.6985,,,,2026-09-29T07:52:05.084448+00:00
ETHUSDT,2026-09-02T06:48:00+00:00,2435.0233,,,,2026-09-29T07:52:05.084448+00:00
ETHUSDT,2026-09-02T06:48:00+00:00,2435.0233,,,,2026-09-29T07:52:05.084448+00:00
ETHUSDT,2026-09-02T06:49:00+00:00,2437.344,,,,2026-09-29T07:52:05.084448+00:00
ETHUSDT,2026-09-02T06:49:00+00:00,2437.344,,,,2026-09-29T07:52:05.084448+00:00
ETHUSDT,2026-09-02T06:50:00+00:00,2437.0266,,,,2026-09-29T07:52:05.084448+00:00
ETHUSDT,2026-09-02T06:50:00+00:00,2437.0266,,,,2026-09-29T07:52:05.084448+00:00
ETHUSDT,2026-09-02T06:51:00+00:00,2438.0306,,,,2026-09-29T07:52:05.084448+00:00
ETHUSDT,2026-09-02T06:51:00+00:00,2438.0306,,,,2026-09-29T07:52:05.084448+00:00
ETHUSDT,2026-09-02T06:52:00+00:00,2437.3477,,,,2026-09-29T07:52:05.084448+00:00
ETHUSDT,2026-09-02T06:52:00+00:00,2437.3477,,,,2026-09-29T07:52:05.084448+00:00
ETHUSDT,2026-09-02T06:53:00+00:00,2438.8854,,,,2026-09-29T07:52:05.084448+00:00
ETHUSDT,2026-09-02T06:53:00+00:00,2438.8854,,,,2026-09-29T07:52:05.084448+00:00
ETHUSDT,2026-09-02T06:54:00+00:00,2440.6681,,,,2026-09-29T07:52:05.084448+00:00
ETHUSDT,2026-09-02T06:54:00+00:00,2440.6681,,,,2026-09-29T07:52:05.084448+00:00
ETHUSDT,2026-09-02T06:55:00+00:00,2439.7266,,,,2026-09-29T07:52:05.084448+00:00
ETHUSDT,2026-09-02T06:55:00+00:00,2439.7266,,,,2026-09-29T07:52:05.084448+00:00
ETHUSDT,2026-09-02T06:56:00+00:00,2438.1083,,,,2026-09-29T07:52:05.084448+00:00
ETHUSDT,2026-09-02T06:56:00+00:00,2438.1083,,,,2026-09-29T07:52:05.084448+00:00
ETHUSDT,2026-09-02T06:57:00+00:00,2438.5087,,,,2026-09-29T07:52:05.084448+00:00
ETHUSDT,2026-09-02T06:57:00+00:00,2438.5087,,,,2026-09-29T07:52:05.084448+00:00
ETHUSDT,2026-09-02T06:58:00+00:00,2439.3156,,,,2026-09-29T07:52:05.084448+00:00
ETHUSDT,2026-09-02T06:58:00+00:00,2439.3156,,,,2026-09-29T07:52:05.084448+00:00
ETHUSDT,2026-09-02T06:59:00+00:00,2439.0252,,,,2026-09-29T07:52:05.084448+00:00
ETHUSDT,2026-09-02T06:59:00+00:00,2439.0252,,,,2026-09-29T07:52:05.084448+00:00
ETHUSDT,2026-09-02T07:00:00+00:00,2439.652,,,,2026-09-29T07:52:05.084448+00:00
ETHUSDT,2026-09-02T07:00:00+00:00,2439.652,,,,2026-09-29T07:52:05.084448+00:00
ETHUSDT,2026-09-02T07:01:00+00:00,2441.0538,,,,2026-09-29T07:52:05.084448+00:00
ETHUSDT,2026-09-02T07:01:00+00:00,2441.0538,,,,2026-09-29T07:52:05.084448+00:00
ETHUSDT,2026-09-02T07:02:00+00:00,2442.9921,,,,2026-09-29T07:52:05.084448+00:00
ETHUSDT,2026-09-02T07:02:00+00:00,2442.9921,,,,2026-09-29T07:52:05.084448+00:00
ETHUSDT,2026-09-02T07:03:00+00:00,2440.1777,,,,2026-09-29T07:52:05.084448+00:00
ETHUSDT,2026-09-02T07:03:00+00:00,2440.1777,,,,2026-09-29T07:52:05.084448+00:00
ETHUSDT,2026-09-02T07:04:00+00:00,2439.8804,,,,2026-09-29T07:52:05.084448+00:00
ETHUSDT,2026-09-02T07:04:00+00:00,2439.8804,,,,2026-09-29T07:52:05.084448+00:00
ETHUSDT,2026-09-02T07:05:00+00:00,2439.7428,,,,2026-09-29T07:52:05.084448+00:00
ETHUSDT,2026-09-02T07:05:00+00:00,2439.7428,,,,2026-09-29T07:52:05.084448+00:00
ETHUSDT,2026-09-02T07:06:00+00:00,2439.86,,,,2026-09-29T07:52:05.084448+00:00
ETHUSDT,2026-09-02T07:06:00+00:00,2439.86,,,,2026-09-29T07:52:05.084448+00:00
ETHUSDT,2026-09-02T07:07:00+00:00,2438.6851,,,,2026-09-29T07:52:05.084448+00:00
ETHUSDT,2026-09-02T07:07:00+00:00,2438.6851,,,,2026-09-29T07:52:05.084448+00:00
BTCUSDT,2026-09-02T06:08:00+00:00,79334.6082,79401.5329,66.9247,0.0844,2026-09-29T08:23:36.445807+00:00
BTCUSDT,2026-09-02T06:08:00+00:00,79334.6082,79401.5329,66.9247,0.0844,2026-09-29T08:23:36.445807+00:00
BTCUSDT,2026-09-02T06:09:00+00:00,79373.6704,79298.4468,75.2236,0.0948,2026-09-29T08:23:36.445807+00:00
BTCUSDT,2026-09-02T06:09:00+00:00,79373.6704,79298.4468,75.2236,0.0948,2026-09-29T08:23:36.445807+00:00
BTCUSDT,2026-09-02T06:10:00+00:00,79393.4665,79521.4413,127.9748,0.1612,2026-09-29T08:23:36.445807+00:00
BTCUSDT,2026-09-02T06:10:00+00:00,79393.4665,79521.4413,127.9748,0.1612,2026-09-29T08:23:36.445807+00:00
BTCUSDT,2026-09-02T06:11:00+00:00,79454.2625,79302.6975,151.565,0.1908,2026-09-29T08:23:36.445807+00:00
BTCUSDT,2026-09-02T06:11:00+00:00,79454.2625,79302.6975,151.565,0.1908,2026-09-29T08:23:36.445807+00:00
BTCUSDT,2026-09-02T06:12:00+00:00,79374.9343,79342.2294,32.7049,0.0412,2026-09-29T08:23:36.445807+00:00
BTCUSDT,2026-09-02T06:12:00+00:00,79374.9343,79342.2294,32.7049,0.0412,2026-09-29T08:23:36.445807+00:00
BTCUSDT,2026-09-02T06:13:00+00:00,79367.9234,79372.9219,4.9985,0.0063,2026-09-29T08:23:36.445807+00:00
BTCUSDT,2026-09-02T06:13:00+00:00,79367.9234,79372.9219,4.9985,0.0063,2026-09-29T08:23:36.445807+00:00
BTCUSDT,2026-09-02T06:14:00+00:00,79372.5229,79363.8046,8.7183,0.011,2026-09-29T08:23:36.445807+00:00
BTCUSDT,2026-09-02T06:14:00+00:00,79372.5229,79363.8046,8.7183,0.011,2026-09-29T08:23:36.445807+00:00
BTCUSDT,2026-09-02T06:15:00+00:00,79397.0388,79409.0585,12.0197,0.0151,2026-09-29T08:23:36.445807+00:00
BTCUSDT,2026-09-02T06:15:00+00:00,79397.0388,79409.0585,12.0197,0.0151,2026-09-29T08:23:36.445807+00:00
BTCUSDT,2026-09-02T06:16:00+00:00,79411.7421,79523.775,112.0329,0.1411,2026-09-29T08:23:36.445807+00:00
BTCUSDT,2026-09-02T06:16:00+00:00,79411.7421,79523.775,112.0329,0.1411,2026-09-29T08:23:36.445807+00:00
BTCUSDT,2026-09-02T06:17:00+00:00,79412.7448,79348.241,64.5038,0.0812,2026-09-29T08:23:36.445807+00:00
BTCUSDT,2026-09-02T06:17:00+00:00,79412.7448,79348.241,64.5038,0.0812,2026-09-29T08:23:36.445807+00:00
BTCUSDT,2026-09-02T06:18:00+00:00,79427.2301,79431.9465,4.7164,0.0059,2026-09-29T08:23:36.445807+00:00
BTCUSDT,2026-09-02T06:18:00+00:00,79427.2301,79431.9465,4.7164,0.0059,2026-09-29T08:23:36.445807+00:00
BTCUSDT,2026-09-02T06:19:00+00:00,79444.761,79398.0577,46.7033,0.0588,2026-09-29T08:23:36.445807+00:00
BTCUSDT,2026-09-02T06:19:00+00:00,79444.761,79398.0577,46.7033,0.0588,2026-09-29T08:23:36.445807+00:00
BTCUSDT,2026-09-02T06:20:00+00:00,79436.4849,79276.65,159.8349,0.2012,2026-09-29T08:23:36.445807+00:00
BTCUSDT,2026-09-02T06:20:00+00:00,79436.4849,79276.65,159.8349,0.2012,2026-09-29T08:23:36.445807+00:00
BTCUSDT,2026-09-02T06:21:00+00:00,79434.7675,79540.4766,105.7091,0.1331,2026-09-29T08:23:36.445807+00:00
BTCUSDT,2026-09-02T06:21:00+00:00,79434.7675,79540.4766,105.7091,0.1331,2026-09-29T08:23:36.445807+00:00
BTCUSDT,2026-09-02T06:22:00+00:00,79423.2939,79499.8995,76.6056,0.0965,2026-09-29T08:23:36.445807+00:00
BTCUSDT,2026-09-02T06:22:00+00:00,79423.2939,79499.8995,76.6056,0.0965,2026-09-29T08:23:36.445807+00:00
BTCUSDT,2026-09-02T06:23:00+00:00,79453.7007,79548.9801,95.2794,0.1199,2026-09-29T08:23:36.445807+00:00
BTCUSDT,2026-09-02T06:23:00+00:00,79453.7007,79548.9801,95.2794,0.1199,2026-09-29T08:23:36.445807+00:00
BTCUSDT,2026-09-02T06:24:00+00:00,79474.2217,79578.746,104.5243,0.1315,2026-09-29T08:23:36.445807+00:00
BTCUSDT,2026-09-02T06:24:00+00:00,79474.2217,79578.746,104.5243,0.1315,2026-09-29T08:23:36.445807+00:00
BTCUSDT,2026-09-02T06:25:00+00:00,79430.1859,79499.5585,69.3726,0.0873,2026-09-29T08:23:36.445807+00:00
BTCUSDT,2026-09-02T06:25:00+00:00,79430.1859,79499.5585,69.3726,0.0873,2026-09-29T08:23:36.445807+00:00
BTCUSDT,2026-09-02T06:26:00+00:00,79411.9614,79465.3982,53.4368,0.0673,2026-09-29T08:23:36.445807+00:00
BTCUSDT,2026-09-02T06:26:00+00:00,79411.9614,79465.3982,53.4368,0.0673,2026-09-29T08:23:36.445807+00:00
BTCUSDT,2026-09-02T06:27:00+00:00,79477.7675,79501.9023,24.1348,0.0304,2026-09-29T08:23:36.445807+00:00
BTCUSDT,2026-09-02T06:27:00+00:00,79477.7675,79501.9023,24.1348,0.0304,2026-09-29T08:23:36.445807+00:00
BTCUSDT,2026-09-02T06:28:00+00:00,79519.2459,79577.2977,58.0518,0.073,2026-09-29T08:23:36.445807+00:00
BTCUSDT,2026-09-02T06:28:00+00:00,79519.2459,79577.2977,58.0518,0.073,2026-09-29T08:23:36.445807+00:00
BTCUSDT,2026-09-02T06:29:00+00:00,79539.4644,79508.6705,30.7939,0.0387,2026-09-29T08:23:36.445807+00:00
BTCUSDT,2026-09-02T06:29:00+00:00,79539.4644,79508.6705,30.7939,0.0387,2026-09-29T08:23:36.445807+00:00
BTCUSDT,2026-09-02T06:30:00+00:00,79534.3809,79442.9255,91.4554,0.115,2026-09-29T08:23:36.445807+00:00
BTCUSDT,2026-09-02T06:30:00+00:00,79534.3809,79442.9255,91.4554,0.115,2026-09-29T08:23:36.445807+00:00
BTCUSDT,2026-09-02T06:31:00+00:00,79583.6376,79596.7535,13.1159,0.0165,2026-09-29T08:23:36.445807+00:00
BTCUSDT,2026-09-02T06:31:00+00:00,79583.6376,79596.7535,13.1159,0.0165,2026-09-29T08:23:36.445807+00:00
BTCUSDT,2026-09-02T06:32:00+00:00,79613.3176,79654.6803,41.3627,0.052,2026-09-29T08:23:36.445807+00:00
BTCUSDT,2026-09-02T06:32:00+00:00,79613.3176,79654.6803,41.3627,0.052,2026-09-29T08:23:36.445807+00:00
BTCUSDT,2026-09-02T06:33:00+00:00,79609.5176,79592.5363,16.9813,0.0213,2026-09-29T08:23:36.445807+00:00
BTCUSDT,2026-09-02T06:33:00+00:00,79609.5176,79592.5363,16.9813,0.0213,2026-09-29T08:23:36.445807+00:00
BTCUSDT,2026-09-02T06:34:00+00:00,79597.1338,79559.8242,37.3096,0.0469,2026-09-29T08:23:36.445807+00:00
BTCUSDT,2026-09-02T06:34:00+00:00,79597.1338,79559.8242,37.3096,0.0469,2026-09-29T08:23:36.445807+00:00
BTCUSDT,2026-09-02T06:35:00+00:00,79617.5033,79621.7648,4.2615,0.0054,2026-09-29T08:23:36.445807+00:00
BTCUSDT,2026-09-02T06:35:00+00:00,79617.5033,79621.7648,4.2615,0.0054,2026-09-29T08:23:36.445807+00:00
BTCUSDT,2026-09-02T06:36:00+00:00,79580.5623,79494.8397,85.7226,0.1077,2026-09-29T08:23:36.445807+00:00
BTCUSDT,2026-09-02T06:36:00+00:00,79580.5623,79494.8397,85.7226,0.1077,2026-09-29T08:23:36.445807+00:00
BTCUSDT,2026-09-02T06:37:00+00:00,79604.6578,79546.911,57.7468,0.0725,2026-09-29T08:23:36.445807+00:00
BTCUSDT,2026-09-02T06:37:00+00:00,79604.6578,79546.911,57.7468,0.0725,2026-09-29T08:23:36.445807+00:00
BTCUSDT,2026-09-02T06:38:00+00:00,79608.334,79714.8603,106.5263,0.1338,2026-09-29T08:23:36.445807+00:00
BTCUSDT,2026-09-02T06:38:00+00:00,79608.334,79714.8603,106.5263,0.1338,2026-09-29T08:23:36.445807+00:00
BTCUSDT,2026-09-02T06:39:00+00:00,79572.8065,79404.9352,167.8713,0.211,2026-09-29T08:23:36.445807+00:00
BTCUSDT,2026-09-02T06:39:00+00:00,79572.8065,79404.9352,167.8713,0.211,2026-09-29T08:23:36.445807+00:00
BTCUSDT,2026-09-02T06:40:00+00:00,79602.1762,79662.4895,60.3133,0.0758,2026-09-29T08:23:36.445807+00:00
BTCUSDT,2026-09-02T06:40:00+00:00,79602.1762,79662.4895,60.3133,0.0758,2026-09-29T08:23:36.445807+00:00
BTCUSDT,2026-09-02T06:41:00+00:00,79628.8975,79610.1133,18.7842,0.0236,2026-09-29T08:23:36.445807+00:00
BTCUSDT,2026-09-02T06:41:00+00:00,79628.8975,79610.1133,18.7842,0.0236,2026-09-29T08:23:36.445807+00:00
BTCUSDT,2026-09-02T06:42:00+00:00,79609.2008,79553.2869,55.9139,0.0702,2026-09-29T08:23:36.445807+00:00
BTCUSDT,2026-09-02T06:42:00+00:00,79609.2008,79553.2869,55.9139,0.0702,2026-09-29T08:23:36.445807+00:00
BTCUSDT,2026-09-02T06:43:00+00:00,79581.3382,79617.1044,35.7662,0.0449,2026-09-29T08:23:36.445807+00:00
BTCUSDT,2026-09-02T06:43:00+00:00,79581.3382,79617.1044,35.7662,0.0449,2026-09-29T08:23:36.445807+00:00
BTCUSDT,2026-09-02T06:44:00+00:00,79623.5265,79592.101,31.4255,0.0395,2026-09-29T08:23:36.445807+00:00
BTCUSDT,2026-09-02T06:44:00+00:00,79623.5265,79592.101,31.4255,0.0395,2026-09-29T08:23:36.445807+00:00
BTCUSDT,2026-09-02T06:45:00+00:00,79602.7965,79735.6301,132.8336,0.1669,2026-09-29T08:23:36.445807+00:00
BTCUSDT,2026-09-02T06:45:00+00:00,79602.7965,79735.6301,132.8336,0.1669,2026-09-29T08:23:36.445807+00:00
BTCUSDT,2026-09-02T06:46:00+00:00,79569.0931,79513.6487,55.4444,0.0697,2026-09-29T08:23:36.445807+00:00
BTCUSDT,2026-09-02T06:46:00+00:00,79569.0931,79513.6487,55.4444,0.0697,2026-09-29T08:23:36.445807+00:00
BTCUSDT,2026-09-02T06:47:00+00:00,79545.6407,79437.4399,108.2008,0.136,2026-09-29T08:23:36.445807+00:00
BTCUSDT,2026-09-02T06:47:00+00:00,79545.6407,79437.4399,108.2008,0.136,2026-09-29T08:23:36.445807+00:00
BTCUSDT,2026-09-02T06:48:00+00:00,79609.046,79610.8363,1.7903,0.0022,2026-09-29T08:23:36.445807+00:00
BTCUSDT,2026-09-02T06:48:00+00:00,79609.046,79610.8363,1.7903,0.0022,2026-09-29T08:23:36.445807+00:00
BTCUSDT,2026-09-02T06:49:00+00:00,79573.4689,79572.191,1.2779,0.0016,2026-09-29T08:23:36.445807+00:00
BTCUSDT,2026-09-02T06:49:00+00:00,79573.4689,79572.191,1.2779,0.0016,2026-09-29T08:23:36.445807+00:00
BTCUSDT,2026-09-02T06:50:00+00:00,79576.6605,79619.6182,42.9577,0.054,2026-09-29T08:23:36.445807+00:00
BTCUSDT,2026-09-02T06:50:00+00:00,79576.6605,79619.6182,42.9577,0.054,2026-09-29T08:23:36.445807+00:00
BTCUSDT,2026-09-02T06:51:00+00:00,79664.447,79832.4475,168.0005,0.2109,2026-09-29T08:23:36.445807+00:00
BTCUSDT,2026-09-02T06:51:00+00:00,79664.447,79832.4475,168.0005,0.2109,2026-09-29T08:23:36.445807+00:00
BTCUSDT,2026-09-02T06:52:00+00:00,79728.0987,79736.3733,8.2746,0.0104,2026-09-29T08:23:36.445807+00:00
BTCUSDT,2026-09-02T06:52:00+00:00,79728.0987,79736.3733,8.2746,0.0104,2026-09-29T08:23:36.445807+00:00
BTCUSDT,2026-09-02T06:53:00+00:00,79655.6797,79684.3947,28.715,0.036,2026-09-29T08:23:36.445807+00:00
BTCUSDT,2026-09-02T06:53:00+00:00,79655.6797,79684.3947,28.715,0.036,2026-09-29T08:23:36.445807+00:00
BTCUSDT,2026-09-02T06:54:00+00:00,79679.7672,79624.8581,54.9091,0.0689,2026-09-29T08:23:36.445807+00:00
BTCUSDT,2026-09-02T06:54:00+00:00,79679.7672,79624.8581,54.9091,0.0689,2026-09-29T08:23:36.445807+00:00
BTCUSDT,2026-09-02T06:55:00+00:00,79689.8521,79711.545,21.6929,0.0272,2026-09-29T08:23:36.445807+00:00
BTCUSDT,2026-09-02T06:55:00+00:00,79689.8521,79711.545,21.6929,0.0272,2026-09-29T08:23:36.445807+00:00
BTCUSDT,2026-09-02T06:56:00+00:00,79648.1707,79466.4374,181.7333,0.2282,2026-09-29T08:23:36.445807+00:00
BTCUSDT,2026-09-02T06:56:00+00:00,79648.1707,79466.4374,181.7333,0.2282,2026-09-29T08:23:36.445807+00:00
BTCUSDT,2026-09-02T06:57:00+00:00,79613.176,79655.6868,42.5108,0.0534,2026-09-29T08:23:36.445807+00:00
BTCUSDT,2026-09-02T06:57:00+00:00,79613.176,79655.6868,42.5108,0.0534,2026-09-29T08:23:36.445807+00:00
BTCUSDT,2026-09-02T06:58:00+00:00,79597.7865,79601.5991,3.8126,0.0048,2026-09-29T08:23:36.445807+00:00
BTCUSDT,2026-09-02T06:58:00+00:00,79597.7865,79601.5991,3.8126,0.0048,2026-09-29T08:23:36.445807+00:00
BTCUSDT,2026-09-02T06:59:00+00:00,79569.09,79603.4097,34.3197,0.0431,2026-09-29T08:23:36.445807+00:00
BTCUSDT,2026-09-02T06:59:00+00:00,79569.09,79603.4097,34.3197,0.0431,2026-09-29T08:23:36.445807+00:00
BTCUSDT,2026-09-02T07:00:00+00:00,79591.0633,79477.5081,113.5552,0.1427,2026-09-29T08:23:36.445807+00:00
BTCUSDT,2026-09-02T07:00:00+00:00,79591.0633,79477.5081,113.5552,0.1427,2026-09-29T08:23:36.445807+00:00
BTCUSDT,2026-09-02T07:01:00+00:00,79549.6153,79602.4731,52.8578,0.0664,2026-09-29T08:23:36.445807+00:00
BTCUSDT,2026-09-02T07:01:00+00:00,79549.6153,79602.4731,52.8578,0.0664,2026-09-29T08:23:36.445807+00:00
BTCUSDT,2026-09-02T07:02:00+00:00,79553.73,79434.4131,119.3169,0.15,2026-09-29T08:23:36.445807+00:00
BTCUSDT,2026-09-02T07:02:00+00:00,79553.73,79434.4131,119.3169,0.15,2026-09-29T08:23:36.445807+00:00
BTCUSDT,2026-09-02T07:03:00+00:00,79513.613,79403.2029,110.4101,0.1389,2026-09-29T08:23:36.445807+00:00
BTCUSDT,2026-09-02T07:03:00+00:00,79513.613,79403.2029,110.4101,0.1389,2026-09-29T08:23:36.445807+00:00
BTCUSDT,2026-09-02T07:04:00+00:00,79581.6455,79540.303,41.3425,0.0519,2026-09-29T08:23:36.445807+00:00
BTCUSDT,2026-09-02T07:04:00+00:00,79581.6455,79540.303,41.3425,0.0519,2026-09-29T08:23:36.445807+00:00
BTCUSDT,2026-09-02T07:05:00+00:00,79592.2595,79623.1847,30.9252,0.0389,2026-09-29T08:23:36.445807+00:00
BTCUSDT,2026-09-02T07:05:00+00:00,79592.2595,79623.1847,30.9252,0.0389,2026-09-29T08:23:36.445807+00:00
BTCUSDT,2026-09-02T07:06:00+00:00,79598.1287,79438.4663,159.6624,0.2006,2026-09-29T08:23:36.445807+00:00
BTCUSDT,2026-09-02T07:06:00+00:00,79598.1287,79438.4663,159.6624,0.2006,2026-09-29T08:23:36.445807+00:00
BTCUSDT,2026-09-02T07:07:00+00:00,79601.6258,79694.844,93.2182,0.1171,2026-09-29T08:23:36.445807+00:00
BTCUSDT,2026-09-02T07:07:00+00:00,79601.6258,79694.844,93.2182,0.1171,2026-09-29T08:23:36.445807+00:00
ETHUSDT,2026-09-02T06:08:00+00:00,2437.8748,2436.501,1.3738,0.0564,2026-09-29T08:23:36.993404+00:00
ETHUSDT,2026-09-02T06:08:00+00:00,2437.8748,2436.501,1.3738,0.0564,2026-09-29T08:23:36.993404+00:00
ETHUSDT,2026-09-02T06:09:00+00:00,2438.0351,2435.8224,2.2127,0.0908,2026-09-29T08:23:36.993404+00:00
ETHUSDT,2026-09-02T06:09:00+00:00,2438.0351,2435.8224,2.2127,0.0908,2026-09-29T08:23:36.993404+00:00
ETHUSDT,2026-09-02T06:10:00+00:00,2440.307,2443.8684,3.5614,0.1459,2026-09-29T08:23:36.993404+00:00
ETHUSDT,2026-09-02T06:10:00+00:00,2440.307,2443.8684,3.5614,0.1459,2026-09-29T08:23:36.993404+00:00
ETHUSDT,2026-09-02T06:11:00+00:00,2441.0202,2439.7406,1.2796,0.0524,2026-09-29T08:23:36.993404+00:00
ETHUSDT,2026-09-02T06:11:00+00:00,2441.0202,2439.7406,1.2796,0.0524,2026-09-29T08:23:36.993404+00:00
ETHUSDT,2026-09-02T06:12:00+00:00,2440.4677,2442.0877,1.62,0.0664,2026-09-29T08:23:36.993404+00:00
ETHUSDT,2026-09-02T06:12:00+00:00,2440.4677,2442.0877,1.62,0.0664,2026-09-29T08:23:36.993404+00:00
ETHUSDT,2026-09-02T06:13:00+00:00,2439.7932,2437.4561,2.3371,0.0958,2026-09-29T08:23:36.993404+00:00
ETHUSDT,2026-09-02T06:13:00+00:00,2439.7932,2437.4561,2.3371,0.0958,2026-09-29T08:23:36.993404+00:00
ETHUSDT,2026-09-02T06:14:00+00:00,2440.8365,2440.4922,0.3443,0.0141,2026-09-29T08:23:36.993404+00:00
ETHUSDT,2026-09-02T06:14:00+00:00,2440.8365,2440.4922,0.3443,0.0141,2026-09-29T08:23:36.993404+00:00
ETHUSDT,2026-09-02T06:15:00+00:00,2439.5714,2439.2973,0.2741,0.0112,2026-09-29T08:23:36.993404+00:00
ETHUSDT,2026-09-02T06:15:00+00:00,2439.5714,2439.2973,0.2741,0.0112,2026-09-29T08:23:36.993404+00:00
ETHUSDT,2026-09-02T06:16:00+00:00,2440.0389,2439.1402,0.8987,0.0368,2026-09-29T08:23:36.993404+00:00
ETHUSDT,2026-09-02T06:16:00+00:00,2440.0389,2439.1402,0.8987,0.0368,2026-09-29T08:23:36.993404+00:00
ETHUSDT,2026-09-02T06:17:00+00:00,2440.1267,2446.1715,6.0448,0.2477,2026-09-29T08:23:36.993404+00:00
ETHUSDT,2026-09-02T06:17:00+00:00,2440.1267,2446.1715,6.0448,0.2477,2026-09-29T08:23:36.993404+00:00
ETHUSDT,2026-09-02T06:18:00+00:00,2439.9189,2434.2723,5.6466,0.2314,2026-09-29T08:23:36.993404+00:00
ETHUSDT,2026-09-02T06:18:00+00:00,2439.9189,2434.2723,5.6466,0.2314,2026-09-29T08:23:36.993404+00:00
ETHUSDT,2026-09-02T06:19:00+00:00,2439.2651,2435.4218,3.8433,0.1576,2026-09-29T08:23:36.993404+00:00
ETHUSDT,2026-09-02T06:19:00+00:00,2439.2651,2435.4218,3.8433,0.1576,2026-09-29T08:23:36.993404+00:00
ETHUSDT,2026-09-02T06:20:00+00:00,2438.5399,2436.0944,2.4455,0.1003,2026-09-29T08:23:36.993404+00:00
ETHUSDT,2026-09-02T06:20:00+00:00,2438.5399,2436.0944,2.4455,0.1003,2026-09-29T08:23:36.993404+00:00
ETHUSDT,2026-09-02T06:21:00+00:00,2439.2569,2440.0663,0.8094,0.0332,2026-09-29T08:23:36.993404+00:00
ETHUSDT,2026-09-02T06:21:00+00:00,2439.2569,2440.0663,0.8094,0.0332,2026-09-29T08:23:36.993404+00:00
ETHUSDT,2026-09-02T06:22:00+00:00,2440.3013,2447.9849,7.6836,0.3149,2026-09-29T08:23:36.993404+00:00
ETHUSDT,2026-09-02T06:22:00+00:00,2440.3013,2447.9849,7.6836,0.3149,2026-09-29T08:23:36.993404+00:00
ETHUSDT,2026-09-02T06:23:00+00:00,2441.7794,2440.7511,1.0283,0.0421,2026-09-29T08:23:36.993404+00:00
ETHUSDT,2026-09-02T06:23:00+00:00,2441.7794,2440.7511,1.0283,0.0421,2026-09-29T08:23:36.993404+00:00
ETHUSDT,2026-09-02T06:24:00+00:00,2439.9222,2438.9517,0.9705,0.0398,2026-09-29T08:23:36.993404+00:00
ETHUSDT,2026-09-02T06:24:00+00:00,2439.9222,2438.9517,0.9705,0.0398,2026-09-29T08:23:36.993404+00:00
ETHUSDT,2026-09-02T06:25:00+00:00,2438.9384,2442.886,3.9476,0.1619,2026-09-29T08:23:36.993404+00:00
ETHUSDT,2026-09-02T06:25:00+00:00,2438.9384,2442.886,3.9476,0.1619,2026-09-29T08:23:36.993404+00:00
ETHUSDT,2026-09-02T06:26:00+00:00,2440.0977,2440.1218,0.0241,0.001,2026-09-29T08:23:36.993404+00:00
ETHUSDT,2026-09-02T06:26:00+00:00,2440.0977,2440.1218,0.0241,0.001,2026-09-29T08:23:36.993404+00:00
ETHUSDT,2026-09-02T06:27:00+00:00,2441.1943,2442.0846,0.8903,0.0365,2026-09-29T08:23:36.993404+00:00
ETHUSDT,2026-09-02T06:27:00+00:00,2441.1943,2442.0846,0.8903,0.0365,2026-09-29T08:23:36.993404+00:00
ETHUSDT,2026-09-02T06:28:00+00:00,2439.8126,2435.4699,4.3427,0.178,2026-09-29T08:23:36.993404+00:00
ETHUSDT,2026-09-02T06:28:00+00:00,2439.8126,2435.4699,4.3427,0.178,2026-09-29T08:23:36.993404+00:00
ETHUSDT,2026-09-02T06:29:00+00:00,2439.4711,2437.9135,1.5576,0.0638,2026-09-29T08:23:36.993404+00:00
ETHUSDT,2026-09-02T06:29:00+00:00,2439.4711,2437.9135,1.5576,0.0638,2026-09-29T08:23:36.993404+00:00
ETHUSDT,2026-09-02T06:30:00+00:00,2438.9819,2441.1703,2.1884,0.0897,2026-09-29T08:23:36.993404+00:00
ETHUSDT,2026-09-02T06:30:00+00:00,2438.9819,2441.1703,2.1884,0.0897,2026-09-29T08:23:36.993404+00:00
ETHUSDT,2026-09-02T06:31:00+00:00,2437.8414,2434.6769,3.1645,0.1298,2026-09-29T08:23:36.993404+00:00
ETHUSDT,2026-09-02T06:31:00+00:00,2437.8414,2434.6769,3.1645,0.1298,2026-09-29T08:23:36.993404+00:00
ETHUSDT,2026-09-02T06:32:00+00:00,2439.4245,2444.5814,5.1569,0.2114,2026-09-29T08:23:36.993404+00:00
ETHUSDT,2026-09-02T06:32:00+00:00,2439.4245,2444.5814,5.1569,0.2114,2026-09-29T08:23:36.993404+00:00
ETHUSDT,2026-09-02T06:33:00+00:00,2439.3044,2438.2082,1.0962,0.0449,2026-09-29T08:23:36.993404+00:00
ETHUSDT,2026-09-02T06:33:00+00:00,2439.3044,2438.2082,1.0962,0.0449,2026-09-29T08:23:36.993404+00:00
ETHUSDT,2026-09-02T06:34:00+00:00,2437.1469,2438.8283,1.6814,0.069,2026-09-29T08:23:36.993404+00:00
ETHUSDT,2026-09-02T06:34:00+00:00,2437.1469,2438.8283,1.6814,0.069,2026-09-29T08:23:36.993404+00:00
ETHUSDT,2026-09-02T06:35:00+00:00,2438.2719,2439.1349,0.863,0.0354,2026-09-29T08:23:36.993404+00:00
ETHUSDT,2026-09-02T06:35:00+00:00,2438.2719,2439.1349,0.863,0.0354,2026-09-29T08:23:36.993404+00:00
ETHUSDT,2026-09-02T06:36:00+00:00,2437.1181,2439.5569,2.4388,0.1001,2026-09-29T08:23:36.993404+00:00
ETHUSDT,2026-09-02T06:36:00+00:00,2437.1181,2439.5569,2.4388,0.1001,2026-09-29T08:23:36.993404+00:00
ETHUSDT,2026-09-02T06:37:00+00:00,2439.2204,2444.5241,5.3037,0.2174,2026-09-29T08:23:36.993404+00:00
ETHUSDT,2026-09-02T06:37:00+00:00,2439.2204,2444.5241,5.3037,0.2174,2026-09-29T08:23:36.993404+00:00
ETHUSDT,2026-09-02T06:38:00+00:00,2439.3676,2435.8782,3.4894,0.143,2026-09-29T08:23:36.993404+00:00
ETHUSDT,2026-09-02T06:38:00+00:00,2439.3676,2435.8782,3.4894,0.143,2026-09-29T08:23:36.993404+00:00
ETHUSDT,2026-09-02T06:39:00+00:00,2438.1151,2441.8946,3.7795,0.155,2026-09-29T08:23:36.993404+00:00
ETHUSDT,2026-09-02T06:39:00+00:00,2438.1151,2441.8946,3.7795,0.155,2026-09-29T08:23:36.993404+00:00
ETHUSDT,2026-09-02T06:40:00+00:00,2438.5889,2437.7019,0.887,0.0364,2026-09-29T08:23:36.993404+00:00
ETHUSDT,2026-09-02T06:40:00+00:00,2438.5889,2437.7019,0.887,0.0364,2026-09-29T08:23:36.993404+00:00
ETHUSDT,2026-09-02T06:41:00+00:00,2438.5507,2444.0336,5.4829,0.2248,2026-09-29T08:23:36.993404+00:00
ETHUSDT,2026-09-02T06:41:00+00:00,2438.5507,2444.0336,5.4829,0.2248,2026-09-29T08:23:36.993404+00:00
ETHUSDT,2026-09-02T06:42:00+00:00,2437.7085,2437.8714,0.1629,0.0067,2026-09-29T08:23:36.993404+00:00
ETHUSDT,2026-09-02T06:42:00+00:00,2437.7085,2437.8714,0.1629,0.0067,2026-09-29T08:23:36.993404+00:00
ETHUSDT,2026-09-02T06:43:00+00:00,2438.929,2440.5907,1.6617,0.0681,2026-09-29T08:23:36.993404+00:00
ETHUSDT,2026-09-02T06:43:00+00:00,2438.929,2440.5907,1.6617,0.0681,2026-09-29T08:23:36.993404+00:00
ETHUSDT,2026-09-02T06:44:00+00:00,2438.7659,2441.9721,3.2062,0.1315,2026-09-29T08:23:36.993404+00:00
ETHUSDT,2026-09-02T06:44:00+00:00,2438.7659,2441.9721,3.2062,0.1315,2026-09-29T08:23:36.993404+00:00
ETHUSDT,2026-09-02T06:45:00+00:00,2437.9914,2435.4122,2.5792,0.1058,2026-09-29T08:23:36.993404+00:00
ETHUSDT,2026-09-02T06:45:00+00:00,2437.9914,2435.4122,2.5792,0.1058,2026-09-29T08:23:36.993404+00:00
ETHUSDT,2026-09-02T06:46:00+00:00,2436.8461,2432.5504,4.2957,0.1763,2026-09-29T08:23:36.993404+00:00
ETHUSDT,2026-09-02T06:46:00+00:00,2436.8461,2432.5504,4.2957,0.1763,2026-09-29T08:23:36.993404+00:00
ETHUSDT,2026-09-02T06:47:00+00:00,2434.6985,2437.4465,2.748,0.1129,2026-09-29T08:23:36.993404+00:00
ETHUSDT,2026-09-02T06:47:00+00:00,2434.6985,2437.4465,2.748,0.1129,2026-09-29T08:23:36.993404+00:00
ETHUSDT,2026-09-02T06:48:00+00:00,2435.0233,2436.5758,1.5525,0.0638,2026-09-29T08:23:36.993404+00:00
ETHUSDT,2026-09-02T06:48:00+00:00,2435.0233,2436.5758,1.5525,0.0638,2026-09-29T08:23:36.993404+00:00
ETHUSDT,2026-09-02T06:49:00+00:00,2437.344,2437.0,0.344,0.0141,2026-09-29T08:23:36.993404+00:00
ETHUSDT,2026-09-02T06:49:00+00:00,2437.344,2437.0,0.344,0.0141,2026-09-29T08:23:36.993404+00:00
ETHUSDT,2026-09-02T06:50:00+00:00,2437.0266,2440.4973,3.4707,0.1424,2026-09-29T08:23:36.993404+00:00
ETHUSDT,2026-09-02T06:50:00+00:00,2437.0266,2440.4973,3.4707,0.1424,2026-09-29T08:23:36.993404+00:00
ETHUSDT,2026-09-02T06:51:00+00:00,2438.0306,2438.4958,0.4652,0.0191,2026-09-29T08:23:36.993404+00:00
ETHUSDT,2026-09-02T06:51:00+00:00,2438.0306,2438.4958,0.4652,0.0191,2026-09-29T08:23:36.993404+00:00
ETHUSDT,2026-09-02T06:52:00+00:00,2437.3477,2437.016,0.3317,0.0136,2026-09-29T08:23:36.993404+00:00
ETHUSDT,2026-09-02T06:52:00+00:00,2437.3477,2437.016,0.3317,0.0136,2026-09-29T08:23:36.993404+00:00
ETHUSDT,2026-09-02T06:53:00+00:00,2438.8854,2441.2681,2.3827,0.0977,2026-09-29T08:23:36.993404+00:00
ETHUSDT,2026-09-02T06:53:00+00:00,2438.8854,2441.2681,2.3827,0.0977,2026-09-29T08:23:36.993404+00:00
ETHUSDT,2026-09-02T06:54:00+00:00,2440.6681,2435.1973,5.4708,0.2242,2026-09-29T08:23:36.993404+00:00
ETHUSDT,2026-09-02T06:54:00+00:00,2440.6681,2435.1973,5.4708,0.2242,2026-09-29T08:23:36.993404+00:00
ETHUSDT,2026-09-02T06:55:00+00:00,2439.7266,2441.3356,1.609,0.066,2026-09-29T08:23:36.993404+00:00
ETHUSDT,2026-09-02T06:55:00+00:00,2439.7266,2441.3356,1.609,0.066,2026-09-29T08:23:36.993404+00:00
ETHUSDT,2026-09-02T06:56:00+00:00,2438.1083,2435.1391,2.9692,0.1218,2026-09-29T08:23:36.993404+00:00
ETHUSDT,2026-09-02T06:56:00+00:00,2438.1083,2435.1391,2.9692,0.1218,2026-09-29T08:23:36.993404+00:00
ETHUSDT,2026-09-02T06:57:00+00:00,2438.5087,2435.9445,2.5642,0.1052,2026-09-29T08:23:36.993404+00:00
ETHUSDT,2026-09-02T06:57:00+00:00,2438.5087,2435.9445,2.5642,0.1052,2026-09-29T08:23:36.993404+00:00
ETHUSDT,2026-09-02T06:58:00+00:00,2439.3156,2441.0135,1.6979,0.0696,2026-09-29T08:23:36.993404+00:00
ETHUSDT,2026-09-02T06:58:00+00:00,2439.3156,2441.0135,1.6979,0.0696,2026-09-29T08:23:36.993404+00:00
ETHUSDT,2026-09-02T06:59:00+00:00,2439.0252,2440.9425,1.9173,0.0786,2026-09-29T08:23:36.993404+00:00
ETHUSDT,2026-09-02T06:59:00+00:00,2439.0252,2440.9425,1.9173,0.0786,2026-09-29T08:23:36.993404+00:00
ETHUSDT,2026-09-02T07:00:00+00:00,2439.652,2438.1717,1.4803,0.0607,2026-09-29T08:23:36.993404+00:00
ETHUSDT,2026-09-02T07:00:00+00:00,2439.652,2438.1717,1.4803,0.0607,2026-09-29T08:23:36.993404+00:00
ETHUSDT,2026-09-02T07:01:00+00:00,2441.0538,2439.8748,1.179,0.0483,2026-09-29T08:23:36.993404+00:00
ETHUSDT,2026-09-02T07:01:00+00:00,2441.0538,2439.8748,1.179,0.0483,2026-09-29T08:23:36.993404+00:00
ETHUSDT,2026-09-02T07:02:00+00:00,2442.9921,2442.6157,0.3764,0.0154,2026-09-29T08:23:36.993404+00:00
ETHUSDT,2026-09-02T07:02:00+00:00,2442.9921,2442.6157,0.3764,0.0154,2026-09-29T08:23:36.993404+00:00
ETHUSDT,2026-09-02T07:03:00+00:00,2440.1777,2438.5534,1.6243,0.0666,2026-09-29T08:23:36.993404+00:00
ETHUSDT,2026-09-02T07:03:00+00:00,2440.1777,2438.5534,1.6243,0.0666,2026-09-29T08:23:36.993404+00:00
ETHUSDT,2026-09-02T07:04:00+00:00,2439.8804,2441.3572,1.4768,0.0605,2026-09-29T08:23:36.993404+00:00
ETHUSDT,2026-09-02T07:04:00+00:00,2439.8804,2441.3572,1.4768,0.0605,2026-09-29T08:23:36.993404+00:00
ETHUSDT,2026-09-02T07:05:00+00:00,2439.7428,2440.379,0.6362,0.0261,2026-09-29T08:23:36.993404+00:00
ETHUSDT,2026-09-02T07:05:00+00:00,2439.7428,2440.379,0.6362,0.0261,2026-09-29T08:23:36.993404+00:00
ETHUSDT,2026-09-02T07:06:00+00:00,2439.86,2441.5464,1.6864,0.0691,2026-09-29T08:23:36.993404+00:00
ETHUSDT,2026-09-02T07:06:00+00:00,2439.86,2441.5464,1.6864,0.0691,2026-09-29T08:23:36.993404+00:00
ETHUSDT,2026-09-02T07:07:00+00:00,2438.6851,2440.895,2.2099,0.0906,2026-09-29T08:23:36.993404+00:00
ETHUSDT,2026-09-02T07:07:00+00:00,2438.6851,2440.895,2.2099,0.0906,2026-09-29T08:23:36.993404+00:00
SOLUSDT,2026-09-06T14:23:04.368000,139.88,139.9579,0.0779,0.0557,2026-09-29T13:30:33.455583+00:00
SOLUSDT,2026-09-06T14:24:04.368000,139.93,139.8533,0.0767,0.0548,2026-09-29T13:30:33.455583+00:00
SOLUSDT,2026-09-06T14:25:04.368000,140.17,140.0744,0.0956,0.0682,2026-09-29T13:30:33.455583+00:00
SOLUSDT,2026-09-06T14:25:38.852000,140.03,140.1817,0.1517,0.1083,2026-09-29T13:30:33.455583+00:00
SOLUSDT,2026-09-06T14:26:04.368000,140.16,140.0576,0.1024,0.0731,2026-09-29T13:30:33.455583+00:00
SOLUSDT,2026-09-06T14:26:38.852000,140.09,140.0022,0.0878,0.0627,2026-09-29T13:30:33.455583+00:00
SOLUSDT,2026-09-06T14:27:04.368000,140.44,140.4623,0.0223,0.0159,2026-09-29T13:30:33.455583+00:00
SOLUSDT,2026-09-06T14:27:38.852000,140.09,140.031,0.059,0.0421,2026-09-29T13:30:33.455583+00:00
SOLUSDT,2026-09-06T14:28:04.368000,141.18,141.1278,0.0522,0.037,2026-09-29T13:30:33.455583+00:00
SOLUSDT,2026-09-06T14:28:38.852000,139.8,139.7055,0.0945,0.0676,2026-09-29T13:30:33.455583+00:00
SOLUSDT,2026-09-06T14:29:04.368000,142.07,141.9972,0.0728,0.0512,2026-09-29T13:30:33.455583+00:00
SOLUSDT,2026-09-06T14:29:38.852000,140.0,139.9523,0.0477,0.0341,2026-09-29T13:30:33.455583+00:00
SOLUSDT,2026-09-06T14:30:04.368000,141.99,141.8676,0.1224,0.0862,2026-09-29T13:30:33.455583+00:00
SOLUSDT,2026-09-06T14:30:38.852000,140.44,140.5141,0.0741,0.0528,2026-09-29T13:30:33.455583+00:00
SOLUSDT,2026-09-06T14:31:04.368000,141.55,141.7025,0.1525,0.1077,2026-09-29T13:30:33.455583+00:00
SOLUSDT,2026-09-06T14:31:38.852000,140.31,140.1792,0.1308,0.0932,2026-09-29T13:30:33.455583+00:00
SOLUSDT,2026-09-06T14:32:04.368000,141.59,141.6683,0.0783,0.0553,2026-09-29T13:30:33.455583+00:00
SOLUSDT,2026-09-06T14:32:38.852000,140.13,140.0976,0.0324,0.0231,2026-09-29T13:30:33.455583+00:00
SOLUSDT,2026-09-06T14:33:04.368000,141.27,141.2841,0.0141,0.01,2026-09-29T13:30:33.455583+00:00
SOLUSDT,2026-09-06T14:33:38.852000,140.18,140.1213,0.0587,0.0419,2026-09-29T13:30:33.455583+00:00
SOLUSDT,2026-09-06T14:34:04.368000,140.63,140.5493,0.0807,0.0574,2026-09-29T13:30:33.455583+00:00
SOLUSDT,2026-09-06T14:34:38.852000,139.97,140.0416,0.0716,0.0512,2026-09-29T13:30:33.455583+00:00
SOLUSDT,2026-09-06T14:35:04.368000,140.44,140.2732,0.1668,0.1188,2026-09-29T13:30:33.455583+00:00
SOLUSDT,2026-09-06T14:35:38.852000,139.81,139.8862,0.0762,0.0545,2026-09-29T13:30:33.455583+00:00
SOLUSDT,2026-09-06T14:36:04.368000,140.75,140.824,0.074,0.0526,2026-09-29T13:30:33.455583+00:00
SOLUSDT,2026-09-06T14:36:38.852000,139.59,139.4477,0.1423,0.1019,2026-09-29T13:30:33.455583+00:00
SOLUSDT,2026-09-06T14:37:04.368000,140.73,140.7946,0.0646,0.0459,2026-09-29T13:30:33.455583+00:00
SOLUSDT,2026-09-06T14:37:38.852000,139.14,139.0357,0.1043,0.075,2026-09-29T13:30:33.455583+00:00
SOLUSDT,2026-09-06T14:38:38.852000,138.96,138.8964,0.0636,0.0458,2026-09-29T13:30:33.455583+00:00
SOLUSDT,2026-09-06T14:39:38.852000,138.99,138.9228,0.0672,0.0483,2026-09-29T13:30:33.455583+00:00
SOLUSDT,2026-09-06T14:40:11.979000,140.02,139.9684,0.0516,0.0369,2026-09-29T13:30:33.455583+00:00
SOLUSDT,2026-09-06T14:41:11.979000,139.97,140.0618,0.0918,0.0656,2026-09-29T13:30:33.455583+00:00
SOLUSDT,2026-09-06T14:42:11.979000,139.84,139.7161,0.1239,0.0886,2026-09-29T13:30:33.455583+00:00
SOLUSDT,2026-09-06T14:43:11.979000,139.83,139.8067,0.0233,0.0167,2026-09-29T13:30:33.455583+00:00
SOLUSDT,2026-09-06T14:44:11.979000,139.93,139.8316,0.0984,0.0703,2026-09-29T13:30:33.455583+00:00
SOLUSDT,2026-09-06T14:45:11.979000,139.93,139.886,0.044,0.0314,2026-09-29T13:30:33.455583+00:00
SOLUSDT,2026-09-06T14:46:11.979000,139.67,139.8002,0.1302,0.0932,2026-09-29T13:30:33.455583+00:00
SOLUSDT,2026-09-06T14:47:11.979000,139.28,139.2245,0.0555,0.0398,2026-09-29T13:30:33.455583+00:00
SOLUSDT,2026-09-06T14:48:11.979000,139.11,139.17,0.06,0.0431,2026-09-29T13:30:33.455583+00:00
SOLUSDT,2026-09-06T14:49:11.979000,139.39,139.3411,0.0489,0.0351,2026-09-29T13:30:33.455583+00:00
SOLUSDT,2026-09-06T14:50:11.979000,139.31,139.3906,0.0806,0.0579,2026-09-29T13:30:33.455583+00:00
SOLUSDT,2026-09-06T14:51:11.979000,138.96,139.0746,0.1146,0.0825,2026-09-29T13:30:33.455583+00:00
SOLUSDT,2026-09-06T14:52:11.979000,139.04,138.9228,0.1172,0.0843,2026-09-29T13:30:33.455583+00:00
SOLUSDT,2026-09-06T14:53:11.979000,139.17,139.1117,0.0583,0.0419,2026-09-29T13:30:33.455583+00:00
SOLUSDT,2026-09-06T14:54:11.979000,139.4,139.3346,0.0654,0.0469,2026-09-29T13:30:33.455583+00:00
SOLUSDT,2026-09-06T14:55:13.108000,140.02,139.9371,0.0829,0.0592,2026-09-29T13:30:33.455583+00:00
SOLUSDT,2026-09-06T14:56:13.108000,140.22,140.3184,0.0984,0.0702,2026-09-29T13:30:33.455583+00:00
SOLUSDT,2026-09-06T14:57:13.108000,140.5,140.3953,0.1047,0.0745,2026-09-29T13:30:33.455583+00:00
SOLUSDT,2026-09-06T14:58:13.108000,140.62,140.6618,0.0418,0.0297,2026-09-29T13:30:33.455583+00:00
SOLUSDT,2026-09-06T14:59:13.108000,141.0,141.1223,0.1223,0.0867,2026-09-29T13:30:33.455583+00:00
SOLUSDT,2026-09-06T15:00:13.108000,141.34,141.1724,0.1676,0.1186,2026-09-29T13:30:33.455583+00:00
SOLUSDT,2026-09-06T15:01:13.108000,141.38,141.3104,0.0696,0.0492,2026-09-29T13:30:33.455583+00:00
SOLUSDT,2026-09-06T15:02:13.108000,141.67,141.7331,0.0631,0.0445,2026-09-29T13:30:33.455583+00:00
SOLUSDT,2026-09-06T15:03:13.108000,141.96,141.9971,0.0371,0.0261,2026-09-29T13:30:33.455583+00:00
SOLUSDT,2026-09-06T15:04:13.108000,141.92,142.0399,0.1199,0.0845,2026-09-29T13:30:33.455583+00:00
SOLUSDT,2026-09-06T15:05:13.108000,141.82,141.7056,0.1144,0.0807,2026-09-29T13:30:33.455583+00:00
SOLUSDT,2026-09-06T15:06:13.108000,141.89,142.0584,0.1684,0.1187,2026-09-29T13:30:33.455583+00:00
SOLUSDT,2026-09-06T15:07:13.108000,141.92,141.8597,0.0603,0.0425,2026-09-29T13:30:33.455583+00:00
SOLUSDT,2026-09-06T15:08:13.108000,141.78,141.8449,0.0649,0.0458,2026-09-29T13:30:33.455583+00:00
SOLUSDT,2026-09-06T15:09:13.108000,141.77,141.6859,0.0841,0.0593,2026-09-29T13:30:33.455583+00:00
SOLUSDT,2026-09-06T15:10:12.276000,139.62,139.4955,0.1245,0.0892,2026-09-29T13:30:33.455583+00:00
SOLUSDT,2026-09-06T15:11:12.276000,139.37,139.5117,0.1417,0.1017,2026-09-29T13:30:33.455583+00:00
SOLUSDT,2026-09-06T15:12:12.276000,139.44,139.5033,0.0633,0.0454,2026-09-29T13:30:33.455583+00:00
SOLUSDT,2026-09-06T15:13:12.276000,139.03,139.1149,0.0849,0.0611,2026-09-29T13:30:33.455583+00:00
SOLUSDT,2026-09-06T15:14:12.276000,138.7,138.6147,0.0853,0.0615,2026-09-29T13:30:33.455583+00:00
SOLUSDT,2026-09-06T15:15:12.276000,138.84,138.7258,0.1142,0.0823,2026-09-29T13:30:33.455583+00:00
SOLUSDT,2026-09-06T15:16:12.276000,138.99,138.9153,0.0747,0.0537,2026-09-29T13:30:33.455583+00:00
SOLUSDT,2026-09-06T15:17:12.276000,138.74,138.7261,0.0139,0.01,2026-09-29T13:30:33.455583+00:00
SOLUSDT,2026-09-06T15:18:12.276000,138.38,138.351,0.029,0.021,2026-09-29T13:30:33.455583+00:00
SOLUSDT,2026-09-06T15:19:12.276000,138.27,138.2838,0.0138,0.01,2026-09-29T13:30:33.455583+00:00
SOLUSDT,2026-09-06T15:20:12.276000,138.32,138.2928,0.0272,0.0197,2026-09-29T13:30:33.455583+00:00
SOLUSDT,2026-09-06T15:21:12.276000,138.96,138.8865,0.0735,0.0529,2026-09-29T13:30:33.455583+00:00
SOLUSDT,2026-09-06T15:22:12.276000,139.19,139.2638,0.0738,0.053,2026-09-29T13:30:33.455583+00:00
SOLUSDT,2026-09-06T15:23:12.276000,138.88,138.9224,0.0424,0.0305,2026-09-29T13:30:33.455583+00:00
SOLUSDT,2026-09-06T15:24:12.276000,138.27,138.1503,0.1197,0.0866,2026-09-29T13:30:33.455583+00:00
SOLUSDT,2026-09-06T15:25:13.635000,139.77,139.7132,0.0568,0.0406,2026-09-29T13:30:33.455583+00:00
SOLUSDT,2026-09-06T15:26:13.635000,139.34,139.2485,0.0915,0.0657,2026-09-29T13:30:33.455583+00:00
SOLUSDT,2026-09-06T15:27:13.635000,139.36,139.273,0.087,0.0624,2026-09-29T13:30:33.455583+00:00
SOLUSDT,2026-09-06T15:28:13.635000,139.61,139.4606,0.1494,0.107,2026-09-29T13:30:33.455583+00:00
SOLUSDT,2026-09-06T15:29:13.635000,139.56,139.4733,0.0867,0.0621,2026-09-29T13:30:33.455583+00:00
SOLUSDT,2026-09-06T15:30:13.635000,139.34,139.4332,0.0932,0.0669,2026-09-29T13:30:33.455583+00:00
SOLUSDT,2026-09-06T15:31:13.635000,139.0,138.9123,0.0877,0.0631,2026-09-29T13:30:33.455583+00:00
SOLUSDT,2026-09-06T15:32:13.635000,138.53,138.5797,0.0497,0.0359,2026-09-29T13:30:33.455583+00:00
SOLUSDT,2026-09-06T15:33:13.635000,138.7,138.6198,0.0802,0.0578,2026-09-29T13:30:33.455583+00:00
SOLUSDT,2026-09-06T15:34:13.635000,138.99,139.0086,0.0186,0.0134,2026-09-29T13:30:33.455583+00:00
SOLUSDT,2026-09-06T15:35:13.635000,138.65,138.5831,0.0669,0.0483,2026-09-29T13:30:33.455583+00:00
SOLUSDT,2026-09-06T15:36:13.635000,138.41,138.3107,0.0993,0.0717,2026-09-29T13:30:33.455583+00:00
SOLUSDT,2026-09-06T15:37:13.635000,138.83,138.8161,0.0139,0.01,2026-09-29T13:30:33.455583+00:00
SOLUSDT,2026-09-06T15:38:13.635000,139.14,139.2598,0.1198,0.0861,2026-09-29T13:30:33.455583+00:00
SOLUSDT,2026-09-06T15:39:13.635000,139.28,139.389,0.109,0.0783,2026-09-29T13:30:33.455583+00:00
SOLUSDT,2026-09-06T15:40:21.242000,140.1,140.0824,0.0176,0.0126,2026-09-29T13:30:33.455583+00:00
SOLUSDT,2026-09-06T15:41:21.242000,140.56,140.4616,0.0984,0.07,2026-09-29T13:30:33.455583+00:00
SOLUSDT,2026-09-06T15:42:21.242000,140.89,140.837,0.053,0.0376,2026-09-29T13:30:33.455583+00:00
SOLUSDT,2026-09-06T15:43:21.242000,141.03,140.9233,0.1067,0.0757,2026-09-29T13:30:33.455583+00:00
SOLUSDT,2026-09-06T15:44:21.242000,141.85,141.746,0.104,0.0733,2026-09-29T13:30:33.455583+00:00
SOLUSDT,2026-09-06T15:45:21.242000,142.47,142.6049,0.1349,0.0947,2026-09-29T13:30:33.455583+00:00
SOLUSDT,2026-09-06T15:46:21.242000,142.76,142.655,0.105,0.0736,2026-09-29T13:30:33.455583+00:00
SOLUSDT,2026-09-06T15:47:21.242000,143.33,143.4598,0.1298,0.0906,2026-09-29T13:30:33.455583+00:00
SOLUSDT,2026-09-06T15:48:21.242000,144.13,144.0132,0.1168,0.081,2026-09-29T13:30:33.455583+00:00
SOLUSDT,2026-09-06T15:49:21.242000,144.14,144.1256,0.0144,0.01,2026-09-29T13:30:33.455583+00:00
SOLUSDT,2026-09-06T15:50:21.242000,143.59,143.5348,0.0552,0.0384,2026-09-29T13:30:33.455583+00:00
SOLUSDT,2026-09-06T15:51:21.242000,143.79,143.7477,0.0423,0.0294,2026-09-29T13:30:33.455583+00:00
SOLUSDT,2026-09-06T15:52:21.242000,144.08,143.9184,0.1616,0.1122,2026-09-29T13:30:33.455583+00:00
SOLUSDT,2026-09-06T15:53:21.242000,144.25,144.299,0.049,0.034,2026-09-29T13:30:33.455583+00:00
SOLUSDT,2026-09-06T15:54:21.242000,143.94,143.9965,0.0565,0.0393,2026-09-29T13:30:33.455583+00:00
SOLUSDT,2026-09-06T15:55:13.566000,140.27,140.1832,0.0868,0.0619,2026-09-29T13:30:33.455583+00:00
SOLUSDT,2026-09-06T15:56:13.566000,140.41,140.4957,0.0857,0.061,2026-09-29T13:30:33.455583+00:00
SOLUSDT,2026-09-06T15:57:13.566000,140.05,140.1364,0.0864,0.0617,2026-09-29T13:30:33.455583+00:00
SOLUSDT,2026-09-06T15:58:13.566000,139.51,139.6594,0.1494,0.1071,2026-09-29T13:30:33.455583+00:00
SOLUSDT,2026-09-06T15:59:13.566000,139.54,139.591,0.051,0.0365,2026-09-29T13:30:33.455583+00:00
SOLUSDT,2026-09-06T16:00:13.566000,140.02,140.0816,0.0616,0.044,2026-09-29T13:30:33.455583+00:00
SOLUSDT,2026-09-06T16:01:13.566000,140.34,140.3202,0.0198,0.0141,2026-09-29T13:30:33.455583+00:00
SOLUSDT,2026-09-06T16:02:13.566000,140.53,140.4348,0.0952,0.0677,2026-09-29T13:30:33.455583+00:00
SOLUSDT,2026-09-06T16:03:13.566000,140.24,140.1285,0.1115,0.0795,2026-09-29T13:30:33.455583+00:00
SOLUSDT,2026-09-06T16:04:13.566000,140.06,140.1439,0.0839,0.0599,2026-09-29T13:30:33.455583+00:00
SOLUSDT,2026-09-06T16:05:13.566000,140.25,140.1803,0.0697,0.0497,2026-09-29T13:30:33.455583+00:00
SOLUSDT,2026-09-06T16:06:13.566000,140.56,140.4286,0.1314,0.0935,2026-09-29T13:30:33.455583+00:00
SOLUSDT,2026-09-06T16:07:13.566000,140.97,140.8678,0.1022,0.0725,2026-09-29T13:30:33.455583+00:00
SOLUSDT,2026-09-06T16:08:13.566000,141.14,141.1078,0.0322,0.0228,2026-09-29T13:30:33.455583+00:00
SOLUSDT,2026-09-06T16:09:13.566000,141.15,141.199,0.049,0.0347,2026-09-29T13:30:33.455583+00:00
BNBUSDT,2026-09-06T14:23:04.368000,582.09,581.4729,0.6171,0.106,2026-09-29T13:30:33.455583+00:00
BNBUSDT,2026-09-06T14:24:04.368000,583.68,583.078,0.602,0.1031,2026-09-29T13:30:33.455583+00:00
BNBUSDT,2026-09-06T14:25:04.368000,582.19,582.4061,0.2161,0.0371,2026-09-29T13:30:33.455583+00:00
BNBUSDT,2026-09-06T14:25:38.852000,579.97,580.1943,0.2243,0.0387,2026-09-29T13:30:33.455583+00:00
BNBUSDT,2026-09-06T14:26:04.368000,580.77,580.3432,0.4268,0.0735,2026-09-29T13:30:33.455583+00:00
BNBUSDT,2026-09-06T14:26:38.852000,579.09,579.7019,0.6119,0.1057,2026-09-29T13:30:33.455583+00:00
BNBUSDT,2026-09-06T14:27:04.368000,581.12,581.2623,0.1423,0.0245,2026-09-29T13:30:33.455583+00:00
BNBUSDT,2026-09-06T14:27:38.852000,579.36,579.8656,0.5056,0.0873,2026-09-29T13:30:33.455583+00:00
BNBUSDT,2026-09-06T14:28:04.368000,582.5,582.2684,0.2316,0.0398,2026-09-29T13:30:33.455583+00:00
BNBUSDT,2026-09-06T14:28:38.852000,579.78,579.1665,0.6135,0.1058,2026-09-29T13:30:33.455583+00:00
BNBUSDT,2026-09-06T14:29:04.368000,581.99,581.7325,0.2575,0.0442,2026-09-29T13:30:33.455583+00:00
BNBUSDT,2026-09-06T14:29:38.852000,579.16,578.6505,0.5095,0.088,2026-09-29T13:30:33.455583+00:00
BNBUSDT,2026-09-06T14:30:04.368000,582.08,581.9323,0.1477,0.0254,2026-09-29T13:30:33.455583+00:00
BNBUSDT,2026-09-06T14:30:38.852000,579.42,579.7193,0.2993,0.0517,2026-09-29T13:30:33.455583+00:00
BNBUSDT,2026-09-06T14:31:04.368000,583.31,583.9236,0.6136,0.1052,2026-09-29T13:30:33.455583+00:00
BNBUSDT,2026-09-06T14:31:38.852000,579.37,579.4744,0.1044,0.018,2026-09-29T13:30:33.455583+00:00
BNBUSDT,2026-09-06T14:32:04.368000,584.14,584.6723,0.5323,0.0911,2026-09-29T13:30:33.455583+00:00
BNBUSDT,2026-09-06T14:32:38.852000,577.54,576.9189,0.6211,0.1075,2026-09-29T13:30:33.455583+00:00
BNBUSDT,2026-09-06T14:33:04.368000,586.01,585.7687,0.2413,0.0412,2026-09-29T13:30:33.455583+00:00
BNBUSDT,2026-09-06T14:33:38.852000,577.09,576.9353,0.1547,0.0268,2026-09-29T13:30:33.455583+00:00
BNBUSDT,2026-09-06T14:34:04.368000,586.48,586.1616,0.3184,0.0543,2026-09-29T13:30:33.455583+00:00
BNBUSDT,2026-09-06T14:34:38.852000,577.07,577.7783,0.7083,0.1227,2026-09-29T13:30:33.455583+00:00
BNBUSDT,2026-09-06T14:35:04.368000,584.75,585.0769,0.3269,0.0559,2026-09-29T13:30:33.455583+00:00
BNBUSDT,2026-09-06T14:35:38.852000,577.01,576.5471,0.4629,0.0802,2026-09-29T13:30:33.455583+00:00
BNBUSDT,2026-09-06T14:36:04.368000,584.14,584.3592,0.2192,0.0375,2026-09-29T13:30:33.455583+00:00
BNBUSDT,2026-09-06T14:36:38.852000,579.69,579.748,0.058,0.01,2026-09-29T13:30:33.455583+00:00
BNBUSDT,2026-09-06T14:37:04.368000,584.34,583.7085,0.6315,0.1081,2026-09-29T13:30:33.455583+00:00
BNBUSDT,2026-09-06T14:37:38.852000,579.66,579.8193,0.1593,0.0275,2026-09-29T13:30:33.455583+00:00
BNBUSDT,2026-09-06T14:38:38.852000,575.86,576.2303,0.3703,0.0643,2026-09-29T13:30:33.455583+00:00
BNBUSDT,2026-09-06T14:39:38.852000,575.69,575.3901,0.2999,0.0521,2026-09-29T13:30:33.455583+00:00
BNBUSDT,2026-09-06T14:40:11.979000,581.96,582.2205,0.2605,0.0448,2026-09-29T13:30:33.455583+00:00
BNBUSDT,2026-09-06T14:41:11.979000,582.86,583.1063,0.2463,0.0423,2026-09-29T13:30:33.455583+00:00
BNBUSDT,2026-09-06T14:42:11.979000,581.59,581.3199,0.2701,0.0464,2026-09-29T13:30:33.455583+00:00
BNBUSDT,2026-09-06T14:43:11.979000,580.68,580.3633,0.3167,0.0545,2026-09-29T13:30:33.455583+00:00
BNBUSDT,2026-09-06T14:44:11.979000,579.33,578.866,0.464,0.0801,2026-09-29T13:30:33.455583+00:00
BNBUSDT,2026-09-06T14:45:11.979000,577.65,577.7991,0.1491,0.0258,2026-09-29T13:30:33.455583+00:00
BNBUSDT,2026-09-06T14:46:11.979000,577.86,577.4097,0.4503,0.0779,2026-09-29T13:30:33.455583+00:00
BNBUSDT,2026-09-06T14:47:11.979000,578.57,579.0241,0.4541,0.0785,2026-09-29T13:30:33.455583+00:00
BNBUSDT,2026-09-06T14:48:11.979000,578.99,578.6099,0.3801,0.0656,2026-09-29T13:30:33.455583+00:00
BNBUSDT,2026-09-06T14:49:11.979000,579.12,579.595,0.475,0.082,2026-09-29T13:30:33.455583+00:00
BNBUSDT,2026-09-06T14:50:11.979000,579.2,579.6154,0.4154,0.0717,2026-09-29T13:30:33.455583+00:00
BNBUSDT,2026-09-06T14:51:11.979000,578.45,578.3922,0.0578,0.01,2026-09-29T13:30:33.455583+00:00
BNBUSDT,2026-09-06T14:52:11.979000,577.48,577.0198,0.4602,0.0797,2026-09-29T13:30:33.455583+00:00
BNBUSDT,2026-09-06T14:53:11.979000,575.29,575.0019,0.2881,0.0501,2026-09-29T13:30:33.455583+00:00
BNBUSDT,2026-09-06T14:54:11.979000,573.1,573.4722,0.3722,0.0649,2026-09-29T13:30:33.455583+00:00
BNBUSDT,2026-09-06T14:55:13.108000,579.75,580.0714,0.3214,0.0554,2026-09-29T13:30:33.455583+00:00
BNBUSDT,2026-09-06T14:56:13.108000,580.87,580.4093,0.4607,0.0793,2026-09-29T13:30:33.455583+00:00
BNBUSDT,2026-09-06T14:57:13.108000,582.48,582.5382,0.0582,0.01,2026-09-29T13:30:33.455583+00:00
BNBUSDT,2026-09-06T14:58:13.108000,583.76,584.2573,0.4973,0.0852,2026-09-29T13:30:33.455583+00:00
BNBUSDT,2026-09-06T14:59:13.108000,585.75,585.1686,0.5814,0.0993,2026-09-29T13:30:33.455583+00:00
BNBUSDT,2026-09-06T15:00:13.108000,586.05,586.4803,0.4303,0.0734,2026-09-29T13:30:33.455583+00:00
BNBUSDT,2026-09-06T15:01:13.108000,586.04,586.2948,0.2548,0.0435,2026-09-29T13:30:33.455583+00:00
BNBUSDT,2026-09-06T15:02:13.108000,587.05,586.8044,0.2456,0.0418,2026-09-29T13:30:33.455583+00:00
BNBUSDT,2026-09-06T15:03:13.108000,588.91,588.2607,0.6493,0.1103,2026-09-29T13:30:33.455583+00:00
BNBUSDT,2026-09-06T15:04:13.108000,589.5,589.9683,0.4683,0.0794,2026-09-29T13:30:33.455583+00:00
BNBUSDT,2026-09-06T15:05:13.108000,589.87,590.2411,0.3711,0.0629,2026-09-29T13:30:33.455583+00:00
BNBUSDT,2026-09-06T15:06:13.108000,590.66,591.3189,0.6589,0.1116,2026-09-29T13:30:33.455583+00:00
BNBUSDT,2026-09-06T15:07:13.108000,590.01,590.069,0.059,0.01,2026-09-29T13:30:33.455583+00:00
BNBUSDT,2026-09-06T15:08:13.108000,589.13,589.371,0.241,0.0409,2026-09-29T13:30:33.455583+00:00
BNBUSDT,2026-09-06T15:09:13.108000,588.94,588.7252,0.2148,0.0365,2026-09-29T13:30:33.455583+00:00
BNBUSDT,2026-09-06T15:10:12.276000,580.11,579.4162,0.6938,0.1196,2026-09-29T13:30:33.455583+00:00
BNBUSDT,2026-09-06T15:11:12.276000,580.47,581.1246,0.6546,0.1128,2026-09-29T13:30:33.455583+00:00
BNBUSDT,2026-09-06T15:12:12.276000,581.36,581.9371,0.5771,0.0993,2026-09-29T13:30:33.455583+00:00
BNBUSDT,2026-09-06T15:13:12.276000,580.62,581.0242,0.4042,0.0696,2026-09-29T13:30:33.455583+00:00
BNBUSDT,2026-09-06T15:14:12.276000,578.24,578.1266,0.1134,0.0196,2026-09-29T13:30:33.455583+00:00
BNBUSDT,2026-09-06T15:15:12.276000,578.15,578.6913,0.5413,0.0936,2026-09-29T13:30:33.455583+00:00
BNBUSDT,2026-09-06T15:16:12.276000,580.24,579.8006,0.4394,0.0757,2026-09-29T13:30:33.455583+00:00
BNBUSDT,2026-09-06T15:17:12.276000,581.31,581.5919,0.2819,0.0485,2026-09-29T13:30:33.455583+00:00
BNBUSDT,2026-09-06T15:18:12.276000,581.74,580.9932,0.7468,0.1284,2026-09-29T13:30:33.455583+00:00
BNBUSDT,2026-09-06T15:19:12.276000,581.88,582.2334,0.3534,0.0607,2026-09-29T13:30:33.455583+00:00
BNBUSDT,2026-09-06T15:20:12.276000,583.29,583.3483,0.0583,0.01,2026-09-29T13:30:33.455583+00:00
BNBUSDT,2026-09-06T15:21:12.276000,581.25,581.7767,0.5267,0.0906,2026-09-29T13:30:33.455583+00:00
BNBUSDT,2026-09-06T15:22:12.276000,578.59,578.8908,0.3008,0.052,2026-09-29T13:30:33.455583+00:00
BNBUSDT,2026-09-06T15:23:12.276000,578.01,578.2803,0.2703,0.0468,2026-09-29T13:30:33.455583+00:00
BNBUSDT,2026-09-06T15:24:12.276000,577.33,577.5996,0.2696,0.0467,2026-09-29T13:30:33.455583+00:00
BNBUSDT,2026-09-06T15:25:13.635000,578.94,578.7264,0.2136,0.0369,2026-09-29T13:30:33.455583+00:00
BNBUSDT,2026-09-06T15:26:13.635000,578.69,579.129,0.439,0.0759,2026-09-29T13:30:33.455583+00:00
BNBUSDT,2026-09-06T15:27:13.635000,578.53,577.9432,0.5868,0.1014,2026-09-29T13:30:33.455583+00:00
BNBUSDT,2026-09-06T15:28:13.635000,579.04,578.8025,0.2375,0.041,2026-09-29T13:30:33.455583+00:00
BNBUSDT,2026-09-06T15:29:13.635000,579.13,579.3799,0.2499,0.0432,2026-09-29T13:30:33.455583+00:00
BNBUSDT,2026-09-06T15:30:13.635000,578.26,578.5647,0.3047,0.0527,2026-09-29T13:30:33.455583+00:00
BNBUSDT,2026-09-06T15:31:13.635000,578.8,579.3264,0.5264,0.0909,2026-09-29T13:30:33.455583+00:00
BNBUSDT,2026-09-06T15:32:13.635000,579.21,579.314,0.104,0.018,2026-09-29T13:30:33.455583+00:00
BNBUSDT,2026-09-06T15:33:13.635000,580.29,579.8484,0.4416,0.0761,2026-09-29T13:30:33.455583+00:00
BNBUSDT,2026-09-06T15:34:13.635000,580.63,580.9013,0.2713,0.0467,2026-09-29T13:30:33.455583+00:00
BNBUSDT,2026-09-06T15:35:13.635000,580.63,580.4012,0.2288,0.0394,2026-09-29T13:30:33.455583+00:00
BNBUSDT,2026-09-06T15:36:13.635000,583.0,583.4714,0.4714,0.0809,2026-09-29T13:30:33.455583+00:00
BNBUSDT,2026-09-06T15:37:13.635000,584.19,584.1052,0.0848,0.0145,2026-09-29T13:30:33.455583+00:00
BNBUSDT,2026-09-06T15:38:13.635000,582.48,582.0962,0.3838,0.0659,2026-09-29T13:30:33.455583+00:00
BNBUSDT,2026-09-06T15:39:13.635000,580.46,580.2039,0.2561,0.0441,2026-09-29T13:30:33.455583+00:00
BNBUSDT,2026-09-06T15:40:21.242000,579.92,579.3341,0.5859,0.101,2026-09-29T13:30:33.455583+00:00
BNBUSDT,2026-09-06T15:41:21.242000,580.41,580.7341,0.3241,0.0558,2026-09-29T13:30:33.455583+00:00
BNBUSDT,2026-09-06T15:42:21.242000,582.47,582.3321,0.1379,0.0237,2026-09-29T13:30:33.455583+00:00
BNBUSDT,2026-09-06T15:43:21.242000,583.81,584.2867,0.4767,0.0817,2026-09-29T13:30:33.455583+00:00
BNBUSDT,2026-09-06T15:44:21.242000,585.24,585.0201,0.2199,0.0376,2026-09-29T13:30:33.455583+00:00
BNBUSDT,2026-09-06T15:45:21.242000,585.76,585.4039,0.3561,0.0608,2026-09-29T13:30:33.455583+00:00
BNBUSDT,2026-09-06T15:46:21.242000,583.99,584.3623,0.3723,0.0638,2026-09-29T13:30:33.455583+00:00
BNBUSDT,2026-09-06T15:47:21.242000,581.59,581.3617,0.2283,0.0393,2026-09-29T13:30:33.455583+00:00
BNBUSDT,2026-09-06T15:48:21.242000,580.84,580.7819,0.0581,0.01,2026-09-29T13:30:33.455583+00:00
BNBUSDT,2026-09-06T15:49:21.242000,582.03,582.2416,0.2116,0.0364,2026-09-29T13:30:33.455583+00:00
BNBUSDT,2026-09-06T15:50:21.242000,581.67,582.1495,0.4795,0.0824,2026-09-29T13:30:33.455583+00:00
BNBUSDT,2026-09-06T15:51:21.242000,579.47,579.9621,0.4921,0.0849,2026-09-29T13:30:33.455583+00:00
BNBUSDT,2026-09-06T15:52:21.242000,579.27,579.4071,0.1371,0.0237,2026-09-29T13:30:33.455583+00:00
BNBUSDT,2026-09-06T15:53:21.242000,579.69,579.8576,0.1676,0.0289,2026-09-29T13:30:33.455583+00:00
BNBUSDT,2026-09-06T15:54:21.242000,578.66,579.2359,0.5759,0.0995,2026-09-29T13:30:33.455583+00:00
BNBUSDT,2026-09-06T15:55:13.566000,581.34,581.5156,0.1756,0.0302,2026-09-29T13:30:33.455583+00:00
BNBUSDT,2026-09-06T15:56:13.566000,582.02,582.3616,0.3416,0.0587,2026-09-29T13:30:33.455583+00:00
BNBUSDT,2026-09-06T15:57:13.566000,581.11,581.5898,0.4798,0.0826,2026-09-29T13:30:33.455583+00:00
BNBUSDT,2026-09-06T15:58:13.566000,581.44,581.1889,0.2511,0.0432,2026-09-29T13:30:33.455583+00:00
BNBUSDT,2026-09-06T15:59:13.566000,580.59,580.8386,0.2486,0.0428,2026-09-29T13:30:33.455583+00:00
BNBUSDT,2026-09-06T16:00:13.566000,579.26,578.8972,0.3628,0.0626,2026-09-29T13:30:33.455583+00:00
BNBUSDT,2026-09-06T16:01:13.566000,580.86,580.3546,0.5054,0.087,2026-09-29T13:30:33.455583+00:00
BNBUSDT,2026-09-06T16:02:13.566000,582.62,582.1702,0.4498,0.0772,2026-09-29T13:30:33.455583+00:00
BNBUSDT,2026-09-06T16:03:13.566000,581.97,581.4815,0.4885,0.0839,2026-09-29T13:30:33.455583+00:00
BNBUSDT,2026-09-06T16:04:13.566000,580.45,580.9621,0.5121,0.0882,2026-09-29T13:30:33.455583+00:00
BNBUSDT,2026-09-06T16:05:13.566000,579.29,579.7074,0.4174,0.0721,2026-09-29T13:30:33.455583+00:00
BNBUSDT,2026-09-06T16:06:13.566000,579.82,580.4721,0.6521,0.1125,2026-09-29T13:30:33.455583+00:00
BNBUSDT,2026-09-06T16:07:13.566000,581.05,580.5756,0.4744,0.0816,2026-09-29T13:30:33.455583+00:00
BNBUSDT,2026-09-06T16:08:13.566000,581.68,582.2137,0.5337,0.0918,2026-09-29T13:30:33.455583+00:00
BNBUSDT,2026-09-06T16:09:13.566000,582.42,582.5363,0.1163,0.02,2026-09-29T13:30:33.455583+00:00
XRPUSDT,2026-09-06T14:23:04.368000,0.58,0.5805,0.0005,0.0862,2026-09-29T13:30:33.455583+00:00
XRPUSDT,2026-09-06T14:24:04.368000,0.58,0.5804,0.0004,0.069,2026-09-29T13:30:33.455583+00:00
XRPUSDT,2026-09-06T14:25:04.368000,0.58,0.5799,0.0001,0.0172,2026-09-29T13:30:33.455583+00:00
XRPUSDT,2026-09-06T14:25:38.852000,0.58,0.5803,0.0003,0.0517,2026-09-29T13:30:33.455583+00:00
XRPUSDT,2026-09-06T14:26:04.368000,0.58,0.5796,0.0004,0.069,2026-09-29T13:30:33.455583+00:00
XRPUSDT,2026-09-06T14:26:38.852000,0.58,0.5805,0.0005,0.0862,2026-09-29T13:30:33.455583+00:00
XRPUSDT,2026-09-06T14:27:04.368000,0.58,0.5802,0.0002,0.0345,2026-09-29T13:30:33.455583+00:00
XRPUSDT,2026-09-06T14:27:38.852000,0.58,0.5794,0.0006,0.1034,2026-09-29T13:30:33.455583+00:00
XRPUSDT,2026-09-06T14:28:04.368000,0.58,0.5794,0.0006,0.1034,2026-09-29T13:30:33.455583+00:00
XRPUSDT,2026-09-06T14:28:38.852000,0.58,0.5801,0.0001,0.0172,2026-09-29T13:30:33.455583+00:00
XRPUSDT,2026-09-06T14:29:04.368000,0.58,0.5799,0.0001,0.0172,2026-09-29T13:30:33.455583+00:00
XRPUSDT,2026-09-06T14:29:38.852000,0.58,0.5802,0.0002,0.0345,2026-09-29T13:30:33.455583+00:00
XRPUSDT,2026-09-06T14:30:04.368000,0.58,0.5795,0.0005,0.0862,2026-09-29T13:30:33.455583+00:00
XRPUSDT,2026-09-06T14:30:38.852000,0.58,0.5805,0.0005,0.0862,2026-09-29T13:30:33.455583+00:00
XRPUSDT,2026-09-06T14:31:04.368000,0.58,0.5803,0.0003,0.0517,2026-09-29T13:30:33.455583+00:00
XRPUSDT,2026-09-06T14:31:38.852000,0.58,0.5804,0.0004,0.069,2026-09-29T13:30:33.455583+00:00
XRPUSDT,2026-09-06T14:32:04.368000,0.58,0.5804,0.0004,0.069,2026-09-29T13:30:33.455583+00:00
XRPUSDT,2026-09-06T14:32:38.852000,0.58,0.5802,0.0002,0.0345,2026-09-29T13:30:33.455583+00:00
XRPUSDT,2026-09-06T14:33:04.368000,0.58,0.5796,0.0004,0.069,2026-09-29T13:30:33.455583+00:00
XRPUSDT,2026-09-06T14:33:38.852000,0.58,0.5802,0.0002,0.0345,2026-09-29T13:30:33.455583+00:00
XRPUSDT,2026-09-06T14:34:04.368000,0.58,0.5796,0.0004,0.069,2026-09-29T13:30:33.455583+00:00
XRPUSDT,2026-09-06T14:34:38.852000,0.58,0.5796,0.0004,0.069,2026-09-29T13:30:33.455583+00:00
XRPUSDT,2026-09-06T14:35:04.368000,0.58,0.5795,0.0005,0.0862,2026-09-29T13:30:33.455583+00:00
XRPUSDT,2026-09-06T14:35:38.852000,0.58,0.5797,0.0003,0.0517,2026-09-29T13:30:33.455583+00:00
XRPUSDT,2026-09-06T14:36:04.368000,0.58,0.5796,0.0004,0.069,2026-09-29T13:30:33.455583+00:00
XRPUSDT,2026-09-06T14:36:38.852000,0.58,0.5795,0.0005,0.0862,2026-09-29T13:30:33.455583+00:00
XRPUSDT,2026-09-06T14:37:04.368000,0.58,0.5802,0.0002,0.0345,2026-09-29T13:30:33.455583+00:00
XRPUSDT,2026-09-06T14:37:38.852000,0.58,0.5796,0.0004,0.069,2026-09-29T13:30:33.455583+00:00
XRPUSDT,2026-09-06T14:38:38.852000,0.58,0.5799,0.0001,0.0172,2026-09-29T13:30:33.455583+00:00
XRPUSDT,2026-09-06T14:39:38.852000,0.58,0.5799,0.0001,0.0172,2026-09-29T13:30:33.455583+00:00
XRPUSDT,2026-09-06T14:40:11.979000,0.58,0.5796,0.0004,0.069,2026-09-29T13:30:33.455583+00:00
XRPUSDT,2026-09-06T14:41:11.979000,0.58,0.5803,0.0003,0.0517,2026-09-29T13:30:33.455583+00:00
XRPUSDT,2026-09-06T14:42:11.979000,0.58,0.5801,0.0001,0.0172,2026-09-29T13:30:33.455583+00:00
XRPUSDT,2026-09-06T14:43:11.979000,0.58,0.5802,0.0002,0.0345,2026-09-29T13:30:33.455583+00:00
XRPUSDT,2026-09-06T14:44:11.979000,0.58,0.5795,0.0005,0.0862,2026-09-29T13:30:33.455583+00:00
XRPUSDT,2026-09-06T14:45:11.979000,0.58,0.5797,0.0003,0.0517,2026-09-29T13:30:33.455583+00:00
XRPUSDT,2026-09-06T14:46:11.979000,0.58,0.5797,0.0003,0.0517,2026-09-29T13:30:33.455583+00:00
XRPUSDT,2026-09-06T14:47:11.979000,0.58,0.5798,0.0002,0.0345,2026-09-29T13:30:33.455583+00:00
XRPUSDT,2026-09-06T14:48:11.979000,0.58,0.5802,0.0002,0.0345,2026-09-29T13:30:33.455583+00:00
XRPUSDT,2026-09-06T14:49:11.979000,0.58,0.5795,0.0005,0.0862,2026-09-29T13:30:33.455583+00:00
XRPUSDT,2026-09-06T14:50:11.979000,0.58,0.5802,0.0002,0.0345,2026-09-29T13:30:33.455583+00:00
XRPUSDT,2026-09-06T14:51:11.979000,0.58,0.5803,0.0003,0.0517,2026-09-29T13:30:33.455583+00:00
XRPUSDT,2026-09-06T14:52:11.979000,0.58,0.5807,0.0007,0.1207,2026-09-29T13:30:33.455583+00:00
XRPUSDT,2026-09-06T14:53:11.979000,0.58,0.5794,0.0006,0.1034,2026-09-29T13:30:33.455583+00:00
XRPUSDT,2026-09-06T14:54:11.979000,0.58,0.5801,0.0001,0.0172,2026-09-29T13:30:33.455583+00:00
XRPUSDT,2026-09-06T14:55:13.108000,0.58,0.5805,0.0005,0.0862,2026-09-29T13:30:33.455583+00:00
XRPUSDT,2026-09-06T14:56:13.108000,0.58,0.5801,0.0001,0.0172,2026-09-29T13:30:33.455583+00:00
XRPUSDT,2026-09-06T14:57:13.108000,0.58,0.5804,0.0004,0.069,2026-09-29T13:30:33.455583+00:00
XRPUSDT,2026-09-06T14:58:13.108000,0.58,0.5795,0.0005,0.0862,2026-09-29T13:30:33.455583+00:00
XRPUSDT,2026-09-06T14:59:13.108000,0.58,0.5801,0.0001,0.0172,2026-09-29T13:30:33.455583+00:00
XRPUSDT,2026-09-06T15:00:13.108000,0.58,0.5804,0.0004,0.069,2026-09-29T13:30:33.455583+00:00
XRPUSDT,2026-09-06T15:01:13.108000,0.58,0.5803,0.0003,0.0517,2026-09-29T13:30:33.455583+00:00
XRPUSDT,2026-09-06T15:02:13.108000,0.58,0.5802,0.0002,0.0345,2026-09-29T13:30:33.455583+00:00
XRPUSDT,2026-09-06T15:03:13.108000,0.58,0.5795,0.0005,0.0862,2026-09-29T13:30:33.455583+00:00
XRPUSDT,2026-09-06T15:04:13.108000,0.58,0.5802,0.0002,0.0345,2026-09-29T13:30:33.455583+00:00
XRPUSDT,2026-09-06T15:05:13.108000,0.58,0.5804,0.0004,0.069,2026-09-29T13:30:33.455583+00:00
XRPUSDT,2026-09-06T15:06:13.108000,0.58,0.5803,0.0003,0.0517,2026-09-29T13:30:33.455583+00:00
XRPUSDT,2026-09-06T15:07:13.108000,0.58,0.5794,0.0006,0.1034,2026-09-29T13:30:33.455583+00:00
XRPUSDT,2026-09-06T15:08:13.108000,0.58,0.5798,0.0002,0.0345,2026-09-29T13:30:33.455583+00:00
XRPUSDT,2026-09-06T15:09:13.108000,0.58,0.5803,0.0003,0.0517,2026-09-29T13:30:33.455583+00:00
XRPUSDT,2026-09-06T15:10:12.276000,0.58,0.5801,0.0001,0.0172,2026-09-29T13:30:33.455583+00:00
XRPUSDT,2026-09-06T15:11:12.276000,0.58,0.5804,0.0004,0.069,2026-09-29T13:30:33.455583+00:00
XRPUSDT,2026-09-06T15:12:12.276000,0.58,0.5803,0.0003,0.0517,2026-09-29T13:30:33.455583+00:00
XRPUSDT,2026-09-06T15:13:12.276000,0.58,0.5796,0.0004,0.069,2026-09-29T13:30:33.455583+00:00
XRPUSDT,2026-09-06T15:14:12.276000,0.58,0.5802,0.0002,0.0345,2026-09-29T13:30:33.455583+00:00
XRPUSDT,2026-09-06T15:15:12.276000,0.58,0.5804,0.0004,0.069,2026-09-29T13:30:33.455583+00:00
XRPUSDT,2026-09-06T15:16:12.276000,0.58,0.5802,0.0002,0.0345,2026-09-29T13:30:33.455583+00:00
XRPUSDT,2026-09-06T15:17:12.276000,0.58,0.5803,0.0003,0.0517,2026-09-29T13:30:33.455583+00:00
XRPUSDT,2026-09-06T15:18:12.276000,0.58,0.5803,0.0003,0.0517,2026-09-29T13:30:33.455583+00:00
XRPUSDT,2026-09-06T15:19:12.276000,0.58,0.5798,0.0002,0.0345,2026-09-29T13:30:33.455583+00:00
XRPUSDT,2026-09-06T15:20:12.276000,0.58,0.5796,0.0004,0.069,2026-09-29T13:30:33.455583+00:00
XRPUSDT,2026-09-06T15:21:12.276000,0.58,0.5796,0.0004,0.069,2026-09-29T13:30:33.455583+00:00
XRPUSDT,2026-09-06T15:22:12.276000,0.58,0.5805,0.0005,0.0862,2026-09-29T13:30:33.455583+00:00
XRPUSDT,2026-09-06T15:23:12.276000,0.58,0.5806,0.0006,0.1034,2026-09-29T13:30:33.455583+00:00
XRPUSDT,2026-09-06T15:24:12.276000,0.58,0.5807,0.0007,0.1207,2026-09-29T13:30:33.455583+00:00
XRPUSDT,2026-09-06T15:25:13.635000,0.58,0.5797,0.0003,0.0517,2026-09-29T13:30:33.455583+00:00
XRPUSDT,2026-09-06T15:26:13.635000,0.58,0.5797,0.0003,0.0517,2026-09-29T13:30:33.455583+00:00
XRPUSDT,2026-09-06T15:27:13.635000,0.58,0.5805,0.0005,0.0862,2026-09-29T13:30:33.455583+00:00
XRPUSDT,2026-09-06T15:28:13.635000,0.58,0.5804,0.0004,0.069,2026-09-29T13:30:33.455583+00:00
XRPUSDT,2026-09-06T15:29:13.635000,0.58,0.5796,0.0004,0.069,2026-09-29T13:30:33.455583+00:00
XRPUSDT,2026-09-06T15:30:13.635000,0.58,0.5798,0.0002,0.0345,2026-09-29T13:30:33.455583+00:00
XRPUSDT,2026-09-06T15:31:13.635000,0.58,0.5799,0.0001,0.0172,2026-09-29T13:30:33.455583+00:00
XRPUSDT,2026-09-06T15:32:13.635000,0.58,0.5802,0.0002,0.0345,2026-09-29T13:30:33.455583+00:00
XRPUSDT,2026-09-06T15:33:13.635000,0.58,0.5803,0.0003,0.0517,2026-09-29T13:30:33.455583+00:00
XRPUSDT,2026-09-06T15:34:13.635000,0.58,0.5804,0.0004,0.069,2026-09-29T13:30:33.455583+00:00
XRPUSDT,2026-09-06T15:35:13.635000,0.58,0.5796,0.0004,0.069,2026-09-29T13:30:33.455583+00:00
XRPUSDT,2026-09-06T15:36:13.635000,0.58,0.5796,0.0004,0.069,2026-09-29T13:30:33.455583+00:00
XRPUSDT,2026-09-06T15:37:13.635000,0.58,0.5798,0.0002,0.0345,2026-09-29T13:30:33.455583+00:00
XRPUSDT,2026-09-06T15:38:13.635000,0.58,0.5805,0.0005,0.0862,2026-09-29T13:30:33.455583+00:00
XRPUSDT,2026-09-06T15:39:13.635000,0.58,0.5794,0.0006,0.1034,2026-09-29T13:30:33.455583+00:00
XRPUSDT,2026-09-06T15:40:21.242000,0.58,0.5804,0.0004,0.069,2026-09-29T13:30:33.455583+00:00
XRPUSDT,2026-09-06T15:41:21.242000,0.58,0.5797,0.0003,0.0517,2026-09-29T13:30:33.455583+00:00
XRPUSDT,2026-09-06T15:42:21.242000,0.58,0.5804,0.0004,0.069,2026-09-29T13:30:33.455583+00:00
XRPUSDT,2026-09-06T15:43:21.242000,0.58,0.5802,0.0002,0.0345,2026-09-29T13:30:33.455583+00:00
XRPUSDT,2026-09-06T15:44:21.242000,0.58,0.5807,0.0007,0.1207,2026-09-29T13:30:33.455583+00:00
XRPUSDT,2026-09-06T15:45:21.242000,0.58,0.5799,0.0001,0.0172,2026-09-29T13:30:33.455583+00:00
XRPUSDT,2026-09-06T15:46:21.242000,0.58,0.5799,0.0001,0.0172,2026-09-29T13:30:33.455583+00:00
XRPUSDT,2026-09-06T15:47:21.242000,0.58,0.5798,0.0002,0.0345,2026-09-29T13:30:33.455583+00:00
XRPUSDT,2026-09-06T15:48:21.242000,0.58,0.5797,0.0003,0.0517,2026-09-29T13:30:33.455583+00:00
XRPUSDT,2026-09-06T15:49:21.242000,0.58,0.5796,0.0004,0.069,2026-09-29T13:30:33.455583+00:00
XRPUSDT,2026-09-06T15:50:21.242000,0.58,0.5803,0.0003,0.0517,2026-09-29T13:30:33.455583+00:00
XRPUSDT,2026-09-06T15:51:21.242000,0.58,0.5803,0.0003,0.0517,2026-09-29T13:30:33.455583+00:00
XRPUSDT,2026-09-06T15:52:21.242000,0.59,0.5897,0.0003,0.0508,2026-09-29T13:30:33.455583+00:00
XRPUSDT,2026-09-06T15:53:21.242000,0.59,0.5898,0.0002,0.0339,2026-09-29T13:30:33.455583+00:00
XRPUSDT,2026-09-06T15:54:21.242000,0.59,0.5903,0.0003,0.0508,2026-09-29T13:30:33.455583+00:00
XRPUSDT,2026-09-06T15:55:13.566000,0.58,0.5795,0.0005,0.0862,2026-09-29T13:30:33.455583+00:00
XRPUSDT,2026-09-06T15:56:13.566000,0.58,0.5798,0.0002,0.0345,2026-09-29T13:30:33.455583+00:00
XRPUSDT,2026-09-06T15:57:13.566000,0.58,0.5801,0.0001,0.0172,2026-09-29T13:30:33.455583+00:00
XRPUSDT,2026-09-06T15:58:13.566000,0.58,0.5796,0.0004,0.069,2026-09-29T13:30:33.455583+00:00
XRPUSDT,2026-09-06T15:59:13.566000,0.58,0.5804,0.0004,0.069,2026-09-29T13:30:33.455583+00:00
XRPUSDT,2026-09-06T16:00:13.566000,0.58,0.5796,0.0004,0.069,2026-09-29T13:30:33.455583+00:00
XRPUSDT,2026-09-06T16:01:13.566000,0.58,0.5803,0.0003,0.0517,2026-09-29T13:30:33.455583+00:00
XRPUSDT,2026-09-06T16:02:13.566000,0.58,0.5801,0.0001,0.0172,2026-09-29T13:30:33.455583+00:00
XRPUSDT,2026-09-06T16:03:13.566000,0.58,0.5802,0.0002,0.0345,2026-09-29T13:30:33.455583+00:00
XRPUSDT,2026-09-06T16:04:13.566000,0.58,0.5805,0.0005,0.0862,2026-09-29T13:30:33.455583+00:00
XRPUSDT,2026-09-06T16:05:13.566000,0.58,0.5805,0.0005,0.0862,2026-09-29T13:30:33.455583+00:00
XRPUSDT,2026-09-06T16:06:13.566000,0.58,0.5799,0.0001,0.0172,2026-09-29T13:30:33.455583+00:00
XRPUSDT,2026-09-06T16:07:13.566000,0.58,0.5797,0.0003,0.0517,2026-09-29T13:30:33.455583+00:00
XRPUSDT,2026-09-06T16:08:13.566000,0.58,0.5806,0.0006,0.1034,2026-09-29T13:30:33.455583+00:00
XRPUSDT,2026-09-06T16:09:13.566000,0.58,0.5798,0.0002,0.0345,2026-09-29T13:30:33.455583+00:00
