run_id,mode,phase,symbol_filter,read_latency_ms,file_count,compaction_duration_s,speedup_ratio,simulated,ts
1,simulation,before,BTCUSDT,817.762,100,0.0,,True,2026-09-27T06:16:10.161642+00:00
2,simulation,before,BTCUSDT,879.048,100,0.0,,True,2026-09-27T06:16:10.161642+00:00
3,simulation,before,BTCUSDT,818.16,100,0.0,,True,2026-09-27T06:16:10.161642+00:00
4,simulation,before,BTCUSDT,710.927,100,0.0,,True,2026-09-27T06:16:10.161642+00:00
5,simulation,before,BTCUSDT,787.061,100,0.0,,True,2026-09-27T06:16:10.161642+00:00
6,simulation,before,BTCUSDT,758.132,100,0.0,,True,2026-09-27T06:16:10.161642+00:00
7,simulation,before,BTCUSDT,813.089,100,0.0,,True,2026-09-27T06:16:10.161642+00:00
8,simulation,before,BTCUSDT,909.927,100,0.0,,True,2026-09-27T06:16:10.161642+00:00
9,simulation,before,BTCUSDT,930.881,100,0.0,,True,2026-09-27T06:16:10.161642+00:00
10,simulation,before,BTCUSDT,820.299,100,0.0,,True,2026-09-27T06:16:10.161642+00:00
11,simulation,before,BTCUSDT,796.293,100,0.0,,True,2026-09-27T06:16:10.161642+00:00
12,simulation,before,BTCUSDT,892.046,100,0.0,,True,2026-09-27T06:16:10.161642+00:00
13,simulation,before,BTCUSDT,863.877,100,0.0,,True,2026-09-27T06:16:10.161642+00:00
14,simulation,before,BTCUSDT,817.838,100,0.0,,True,2026-09-27T06:16:10.161642+00:00
15,simulation,before,BTCUSDT,838.374,100,0.0,,True,2026-09-27T06:16:10.161642+00:00
16,simulation,before,BTCUSDT,844.54,100,0.0,,True,2026-09-27T06:16:10.161642+00:00
17,simulation,before,BTCUSDT,765.722,100,0.0,,True,2026-09-27T06:16:10.161642+00:00
18,simulation,before,BTCUSDT,710.962,100,0.0,,True,2026-09-27T06:16:10.161642+00:00
19,simulation,before,BTCUSDT,888.434,100,0.0,,True,2026-09-27T06:16:10.161642+00:00
20,simulation,before,BTCUSDT,704.959,100,0.0,,True,2026-09-27T06:16:10.161642+00:00
21,simulation,before,BTCUSDT,747.233,100,0.0,,True,2026-09-27T06:16:10.161642+00:00
22,simulation,before,BTCUSDT,926.5,100,0.0,,True,2026-09-27T06:16:10.161642+00:00
23,simulation,before,BTCUSDT,890.286,100,0.0,,True,2026-09-27T06:16:10.161642+00:00
24,simulation,before,BTCUSDT,882.363,100,0.0,,True,2026-09-27T06:16:10.161642+00:00
25,simulation,before,BTCUSDT,869.214,100,0.0,,True,2026-09-27T06:16:10.161642+00:00
26,simulation,before,BTCUSDT,776.647,100,0.0,,True,2026-09-27T06:16:10.161642+00:00
27,simulation,before,BTCUSDT,851.624,100,0.0,,True,2026-09-27T06:16:10.161642+00:00
28,simulation,before,BTCUSDT,810.225,100,0.0,,True,2026-09-27T06:16:10.161642+00:00
29,simulation,before,BTCUSDT,824.843,100,0.0,,True,2026-09-27T06:16:10.161642+00:00
30,simulation,before,BTCUSDT,769.366,100,0.0,,True,2026-09-27T06:16:10.161642+00:00
1,simulation,after,BTCUSDT,247.071,5,45.0,3.745,True,2026-09-27T06:16:10.161642+00:00
2,simulation,after,BTCUSDT,215.718,5,45.0,3.745,True,2026-09-27T06:16:10.161642+00:00
3,simulation,after,BTCUSDT,253.084,5,45.0,3.745,True,2026-09-27T06:16:10.161642+00:00
4,simulation,after,BTCUSDT,233.038,5,45.0,3.745,True,2026-09-27T06:16:10.161642+00:00
5,simulation,after,BTCUSDT,244.52,5,45.0,3.745,True,2026-09-27T06:16:10.161642+00:00
6,simulation,after,BTCUSDT,206.472,5,45.0,3.745,True,2026-09-27T06:16:10.161642+00:00
7,simulation,after,BTCUSDT,161.804,5,45.0,3.745,True,2026-09-27T06:16:10.161642+00:00
8,simulation,after,BTCUSDT,185.043,5,45.0,3.745,True,2026-09-27T06:16:10.161642+00:00
9,simulation,after,BTCUSDT,252.824,5,45.0,3.745,True,2026-09-27T06:16:10.161642+00:00
10,simulation,after,BTCUSDT,249.078,5,45.0,3.745,True,2026-09-27T06:16:10.161642+00:00
11,simulation,after,BTCUSDT,192.93,5,45.0,3.745,True,2026-09-27T06:16:10.161642+00:00
12,simulation,after,BTCUSDT,233.924,5,45.0,3.745,True,2026-09-27T06:16:10.161642+00:00
13,simulation,after,BTCUSDT,255.683,5,45.0,3.745,True,2026-09-27T06:16:10.161642+00:00
14,simulation,after,BTCUSDT,221.933,5,45.0,3.745,True,2026-09-27T06:16:10.161642+00:00
15,simulation,after,BTCUSDT,239.809,5,45.0,3.745,True,2026-09-27T06:16:10.161642+00:00
16,simulation,after,BTCUSDT,207.652,5,45.0,3.745,True,2026-09-27T06:16:10.161642+00:00
17,simulation,after,BTCUSDT,191.284,5,45.0,3.745,True,2026-09-27T06:16:10.161642+00:00
18,simulation,after,BTCUSDT,224.634,5,45.0,3.745,True,2026-09-27T06:16:10.161642+00:00
19,simulation,after,BTCUSDT,213.127,5,45.0,3.745,True,2026-09-27T06:16:10.161642+00:00
20,simulation,after,BTCUSDT,224.731,5,45.0,3.745,True,2026-09-27T06:16:10.161642+00:00
21,simulation,after,BTCUSDT,226.448,5,45.0,3.745,True,2026-09-27T06:16:10.161642+00:00
22,simulation,after,BTCUSDT,260.009,5,45.0,3.745,True,2026-09-27T06:16:10.161642+00:00
23,simulation,after,BTCUSDT,224.054,5,45.0,3.745,True,2026-09-27T06:16:10.161642+00:00
24,simulation,after,BTCUSDT,223.456,5,45.0,3.745,True,2026-09-27T06:16:10.161642+00:00
25,simulation,after,BTCUSDT,257.718,5,45.0,3.745,True,2026-09-27T06:16:10.161642+00:00
26,simulation,after,BTCUSDT,211.477,5,45.0,3.745,True,2026-09-27T06:16:10.161642+00:00
27,simulation,after,BTCUSDT,240.46,5,45.0,3.745,True,2026-09-27T06:16:10.161642+00:00
28,simulation,after,BTCUSDT,205.323,5,45.0,3.745,True,2026-09-27T06:16:10.161642+00:00
29,simulation,after,BTCUSDT,208.25,5,45.0,3.745,True,2026-09-27T06:16:10.161642+00:00
30,simulation,after,BTCUSDT,258.313,5,45.0,3.745,True,2026-09-27T06:16:10.161642+00:00
1,simulation,before,BTCUSDT,822.473,93,0.0,,True,2026-09-29T08:25:04.702717+00:00
2,simulation,before,BTCUSDT,878.965,93,0.0,,True,2026-09-29T08:25:04.702717+00:00
3,simulation,before,BTCUSDT,821.232,93,0.0,,True,2026-09-29T08:25:04.702717+00:00
4,simulation,before,BTCUSDT,688.182,93,0.0,,True,2026-09-29T08:25:04.702717+00:00
5,simulation,before,BTCUSDT,823.203,93,0.0,,True,2026-09-29T08:25:04.702717+00:00
6,simulation,before,BTCUSDT,834.312,93,0.0,,True,2026-09-29T08:25:04.702717+00:00
7,simulation,before,BTCUSDT,835.616,93,0.0,,True,2026-09-29T08:25:04.702717+00:00
8,simulation,before,BTCUSDT,809.942,93,0.0,,True,2026-09-29T08:25:04.702717+00:00
9,simulation,before,BTCUSDT,757.434,93,0.0,,True,2026-09-29T08:25:04.702717+00:00
10,simulation,before,BTCUSDT,922.338,93,0.0,,True,2026-09-29T08:25:04.702717+00:00
11,simulation,before,BTCUSDT,807.041,93,0.0,,True,2026-09-29T08:25:04.702717+00:00
12,simulation,before,BTCUSDT,919.45,93,0.0,,True,2026-09-29T08:25:04.702717+00:00
13,simulation,before,BTCUSDT,816.22,93,0.0,,True,2026-09-29T08:25:04.702717+00:00
14,simulation,before,BTCUSDT,913.042,93,0.0,,True,2026-09-29T08:25:04.702717+00:00
15,simulation,before,BTCUSDT,849.339,93,0.0,,True,2026-09-29T08:25:04.702717+00:00
16,simulation,before,BTCUSDT,815.704,93,0.0,,True,2026-09-29T08:25:04.702717+00:00
17,simulation,before,BTCUSDT,976.829,93,0.0,,True,2026-09-29T08:25:04.702717+00:00
18,simulation,before,BTCUSDT,958.209,93,0.0,,True,2026-09-29T08:25:04.702717+00:00
19,simulation,before,BTCUSDT,858.505,93,0.0,,True,2026-09-29T08:25:04.702717+00:00
20,simulation,before,BTCUSDT,892.944,93,0.0,,True,2026-09-29T08:25:04.702717+00:00
1,simulation,after,BTCUSDT,230.226,8,45.0,3.864,True,2026-09-29T08:25:04.702717+00:00
2,simulation,after,BTCUSDT,217.111,8,45.0,3.864,True,2026-09-29T08:25:04.702717+00:00
3,simulation,after,BTCUSDT,230.057,8,45.0,3.864,True,2026-09-29T08:25:04.702717+00:00
4,simulation,after,BTCUSDT,201.533,8,45.0,3.864,True,2026-09-29T08:25:04.702717+00:00
5,simulation,after,BTCUSDT,189.605,8,45.0,3.864,True,2026-09-29T08:25:04.702717+00:00
6,simulation,after,BTCUSDT,209.695,8,45.0,3.864,True,2026-09-29T08:25:04.702717+00:00
7,simulation,after,BTCUSDT,224.689,8,45.0,3.864,True,2026-09-29T08:25:04.702717+00:00
8,simulation,after,BTCUSDT,222.641,8,45.0,3.864,True,2026-09-29T08:25:04.702717+00:00
9,simulation,after,BTCUSDT,232.343,8,45.0,3.864,True,2026-09-29T08:25:04.702717+00:00
10,simulation,after,BTCUSDT,228.407,8,45.0,3.864,True,2026-09-29T08:25:04.702717+00:00
11,simulation,after,BTCUSDT,182.098,8,45.0,3.864,True,2026-09-29T08:25:04.702717+00:00
12,simulation,after,BTCUSDT,237.839,8,45.0,3.864,True,2026-09-29T08:25:04.702717+00:00
13,simulation,after,BTCUSDT,208.569,8,45.0,3.864,True,2026-09-29T08:25:04.702717+00:00
14,simulation,after,BTCUSDT,219.269,8,45.0,3.864,True,2026-09-29T08:25:04.702717+00:00
15,simulation,after,BTCUSDT,221.961,8,45.0,3.864,True,2026-09-29T08:25:04.702717+00:00
16,simulation,after,BTCUSDT,200.884,8,45.0,3.864,True,2026-09-29T08:25:04.702717+00:00
17,simulation,after,BTCUSDT,227.5,8,45.0,3.864,True,2026-09-29T08:25:04.702717+00:00
18,simulation,after,BTCUSDT,216.611,8,45.0,3.864,True,2026-09-29T08:25:04.702717+00:00
19,simulation,after,BTCUSDT,245.299,8,45.0,3.864,True,2026-09-29T08:25:04.702717+00:00
20,simulation,after,BTCUSDT,211.441,8,45.0,3.864,True,2026-09-29T08:25:04.702717+00:00
1,simulation,before,ETHUSDT,866.978,160,0.0,,True,2026-09-29T13:28:21.610160+00:00
2,simulation,before,ETHUSDT,840.01,160,0.0,,True,2026-09-29T13:28:21.610160+00:00
3,simulation,before,ETHUSDT,754.21,160,0.0,,True,2026-09-29T13:28:21.610160+00:00
4,simulation,before,ETHUSDT,876.229,160,0.0,,True,2026-09-29T13:28:21.610160+00:00
5,simulation,before,ETHUSDT,915.649,160,0.0,,True,2026-09-29T13:28:21.610160+00:00
6,simulation,before,ETHUSDT,1022.871,160,0.0,,True,2026-09-29T13:28:21.610160+00:00
7,simulation,before,ETHUSDT,770.727,160,0.0,,True,2026-09-29T13:28:21.610160+00:00
8,simulation,before,ETHUSDT,906.78,160,0.0,,True,2026-09-29T13:28:21.610160+00:00
9,simulation,before,ETHUSDT,891.0,160,0.0,,True,2026-09-29T13:28:21.610160+00:00
10,simulation,before,ETHUSDT,711.016,160,0.0,,True,2026-09-29T13:28:21.610160+00:00
11,simulation,before,ETHUSDT,870.364,160,0.0,,True,2026-09-29T13:28:21.610160+00:00
12,simulation,before,ETHUSDT,847.242,160,0.0,,True,2026-09-29T13:28:21.610160+00:00
13,simulation,before,ETHUSDT,790.523,160,0.0,,True,2026-09-29T13:28:21.610160+00:00
14,simulation,before,ETHUSDT,892.054,160,0.0,,True,2026-09-29T13:28:21.610160+00:00
15,simulation,before,ETHUSDT,992.09,160,0.0,,True,2026-09-29T13:28:21.610160+00:00
16,simulation,before,ETHUSDT,979.405,160,0.0,,True,2026-09-29T13:28:21.610160+00:00
17,simulation,before,ETHUSDT,1012.442,160,0.0,,True,2026-09-29T13:28:21.610160+00:00
18,simulation,before,ETHUSDT,783.976,160,0.0,,True,2026-09-29T13:28:21.610160+00:00
19,simulation,before,ETHUSDT,896.269,160,0.0,,True,2026-09-29T13:28:21.610160+00:00
20,simulation,before,ETHUSDT,759.577,160,0.0,,True,2026-09-29T13:28:21.610160+00:00
1,simulation,after,ETHUSDT,245.149,5,45.0,3.95,True,2026-09-29T13:28:21.610160+00:00
2,simulation,after,ETHUSDT,236.223,5,45.0,3.95,True,2026-09-29T13:28:21.610160+00:00
3,simulation,after,ETHUSDT,207.409,5,45.0,3.95,True,2026-09-29T13:28:21.610160+00:00
4,simulation,after,ETHUSDT,229.102,5,45.0,3.95,True,2026-09-29T13:28:21.610160+00:00
5,simulation,after,ETHUSDT,223.258,5,45.0,3.95,True,2026-09-29T13:28:21.610160+00:00
6,simulation,after,ETHUSDT,241.441,5,45.0,3.95,True,2026-09-29T13:28:21.610160+00:00
7,simulation,after,ETHUSDT,243.662,5,45.0,3.95,True,2026-09-29T13:28:21.610160+00:00
8,simulation,after,ETHUSDT,214.649,5,45.0,3.95,True,2026-09-29T13:28:21.610160+00:00
9,simulation,after,ETHUSDT,220.538,5,45.0,3.95,True,2026-09-29T13:28:21.610160+00:00
10,simulation,after,ETHUSDT,189.309,5,45.0,3.95,True,2026-09-29T13:28:21.610160+00:00
11,simulation,after,ETHUSDT,213.118,5,45.0,3.95,True,2026-09-29T13:28:21.610160+00:00
12,simulation,after,ETHUSDT,259.476,5,45.0,3.95,True,2026-09-29T13:28:21.610160+00:00
13,simulation,after,ETHUSDT,250.997,5,45.0,3.95,True,2026-09-29T13:28:21.610160+00:00
14,simulation,after,ETHUSDT,238.565,5,45.0,3.95,True,2026-09-29T13:28:21.610160+00:00
15,simulation,after,ETHUSDT,195.899,5,45.0,3.95,True,2026-09-29T13:28:21.610160+00:00
16,simulation,after,ETHUSDT,266.739,5,45.0,3.95,True,2026-09-29T13:28:21.610160+00:00
17,simulation,after,ETHUSDT,195.791,5,45.0,3.95,True,2026-09-29T13:28:21.610160+00:00
18,simulation,after,ETHUSDT,212.941,5,45.0,3.95,True,2026-09-29T13:28:21.610160+00:00
19,simulation,after,ETHUSDT,260.277,5,45.0,3.95,True,2026-09-29T13:28:21.610160+00:00
20,simulation,after,ETHUSDT,225.08,5,45.0,3.95,True,2026-09-29T13:28:21.610160+00:00
1,simulation,before,SOLUSDT,757.285,151,0.0,,True,2026-09-29T13:28:27.979870+00:00
2,simulation,before,SOLUSDT,926.317,151,0.0,,True,2026-09-29T13:28:27.979870+00:00
3,simulation,before,SOLUSDT,825.529,151,0.0,,True,2026-09-29T13:28:27.979870+00:00
4,simulation,before,SOLUSDT,934.686,151,0.0,,True,2026-09-29T13:28:27.979870+00:00
5,simulation,before,SOLUSDT,871.791,151,0.0,,True,2026-09-29T13:28:27.979870+00:00
6,simulation,before,SOLUSDT,840.798,151,0.0,,True,2026-09-29T13:28:27.979870+00:00
7,simulation,before,SOLUSDT,808.736,151,0.0,,True,2026-09-29T13:28:27.979870+00:00
8,simulation,before,SOLUSDT,685.059,151,0.0,,True,2026-09-29T13:28:27.979870+00:00
9,simulation,before,SOLUSDT,862.779,151,0.0,,True,2026-09-29T13:28:27.979870+00:00
10,simulation,before,SOLUSDT,888.709,151,0.0,,True,2026-09-29T13:28:27.979870+00:00
11,simulation,before,SOLUSDT,941.493,151,0.0,,True,2026-09-29T13:28:27.979870+00:00
12,simulation,before,SOLUSDT,786.081,151,0.0,,True,2026-09-29T13:28:27.979870+00:00
13,simulation,before,SOLUSDT,885.609,151,0.0,,True,2026-09-29T13:28:27.979870+00:00
14,simulation,before,SOLUSDT,686.485,151,0.0,,True,2026-09-29T13:28:27.979870+00:00
15,simulation,before,SOLUSDT,1006.702,151,0.0,,True,2026-09-29T13:28:27.979870+00:00
16,simulation,before,SOLUSDT,896.199,151,0.0,,True,2026-09-29T13:28:27.979870+00:00
17,simulation,before,SOLUSDT,828.129,151,0.0,,True,2026-09-29T13:28:27.979870+00:00
18,simulation,before,SOLUSDT,872.483,151,0.0,,True,2026-09-29T13:28:27.979870+00:00
19,simulation,before,SOLUSDT,798.134,151,0.0,,True,2026-09-29T13:28:27.979870+00:00
20,simulation,before,SOLUSDT,840.822,151,0.0,,True,2026-09-29T13:28:27.979870+00:00
1,simulation,after,SOLUSDT,253.401,5,45.0,3.851,True,2026-09-29T13:28:27.979870+00:00
2,simulation,after,SOLUSDT,202.194,5,45.0,3.851,True,2026-09-29T13:28:27.979870+00:00
3,simulation,after,SOLUSDT,220.296,5,45.0,3.851,True,2026-09-29T13:28:27.979870+00:00
4,simulation,after,SOLUSDT,202.586,5,45.0,3.851,True,2026-09-29T13:28:27.979870+00:00
5,simulation,after,SOLUSDT,212.382,5,45.0,3.851,True,2026-09-29T13:28:27.979870+00:00
6,simulation,after,SOLUSDT,218.682,5,45.0,3.851,True,2026-09-29T13:28:27.979870+00:00
7,simulation,after,SOLUSDT,214.585,5,45.0,3.851,True,2026-09-29T13:28:27.979870+00:00
8,simulation,after,SOLUSDT,209.611,5,45.0,3.851,True,2026-09-29T13:28:27.979870+00:00
9,simulation,after,SOLUSDT,203.385,5,45.0,3.851,True,2026-09-29T13:28:27.979870+00:00
10,simulation,after,SOLUSDT,182.46,5,45.0,3.851,True,2026-09-29T13:28:27.979870+00:00
11,simulation,after,SOLUSDT,170.535,5,45.0,3.851,True,2026-09-29T13:28:27.979870+00:00
12,simulation,after,SOLUSDT,209.342,5,45.0,3.851,True,2026-09-29T13:28:27.979870+00:00
13,simulation,after,SOLUSDT,221.331,5,45.0,3.851,True,2026-09-29T13:28:27.979870+00:00
14,simulation,after,SOLUSDT,208.143,5,45.0,3.851,True,2026-09-29T13:28:27.979870+00:00
15,simulation,after,SOLUSDT,221.991,5,45.0,3.851,True,2026-09-29T13:28:27.979870+00:00
16,simulation,after,SOLUSDT,212.506,5,45.0,3.851,True,2026-09-29T13:28:27.979870+00:00
17,simulation,after,SOLUSDT,197.63,5,45.0,3.851,True,2026-09-29T13:28:27.979870+00:00
18,simulation,after,SOLUSDT,204.05,5,45.0,3.851,True,2026-09-29T13:28:27.979870+00:00
19,simulation,after,SOLUSDT,229.863,5,45.0,3.851,True,2026-09-29T13:28:27.979870+00:00
20,simulation,after,SOLUSDT,201.706,5,45.0,3.851,True,2026-09-29T13:28:27.979870+00:00
1,simulation,before,BNBUSDT,899.233,143,0.0,,True,2026-09-29T13:28:28.737603+00:00
2,simulation,before,BNBUSDT,798.915,143,0.0,,True,2026-09-29T13:28:28.737603+00:00
3,simulation,before,BNBUSDT,915.655,143,0.0,,True,2026-09-29T13:28:28.737603+00:00
4,simulation,before,BNBUSDT,1038.117,143,0.0,,True,2026-09-29T13:28:28.737603+00:00
5,simulation,before,BNBUSDT,749.247,143,0.0,,True,2026-09-29T13:28:28.737603+00:00
6,simulation,before,BNBUSDT,911.108,143,0.0,,True,2026-09-29T13:28:28.737603+00:00
7,simulation,before,BNBUSDT,889.229,143,0.0,,True,2026-09-29T13:28:28.737603+00:00
8,simulation,before,BNBUSDT,856.536,143,0.0,,True,2026-09-29T13:28:28.737603+00:00
9,simulation,before,BNBUSDT,769.879,143,0.0,,True,2026-09-29T13:28:28.737603+00:00
10,simulation,before,BNBUSDT,881.478,143,0.0,,True,2026-09-29T13:28:28.737603+00:00
11,simulation,before,BNBUSDT,914.712,143,0.0,,True,2026-09-29T13:28:28.737603+00:00
12,simulation,before,BNBUSDT,797.538,143,0.0,,True,2026-09-29T13:28:28.737603+00:00
13,simulation,before,BNBUSDT,720.03,143,0.0,,True,2026-09-29T13:28:28.737603+00:00
14,simulation,before,BNBUSDT,899.357,143,0.0,,True,2026-09-29T13:28:28.737603+00:00
15,simulation,before,BNBUSDT,677.207,143,0.0,,True,2026-09-29T13:28:28.737603+00:00
16,simulation,before,BNBUSDT,858.192,143,0.0,,True,2026-09-29T13:28:28.737603+00:00
17,simulation,before,BNBUSDT,830.571,143,0.0,,True,2026-09-29T13:28:28.737603+00:00
18,simulation,before,BNBUSDT,853.499,143,0.0,,True,2026-09-29T13:28:28.737603+00:00
19,simulation,before,BNBUSDT,709.667,143,0.0,,True,2026-09-29T13:28:28.737603+00:00
20,simulation,before,BNBUSDT,796.236,143,0.0,,True,2026-09-29T13:28:28.737603+00:00
1,simulation,after,BNBUSDT,214.557,5,45.0,3.811,True,2026-09-29T13:28:28.737603+00:00
2,simulation,after,BNBUSDT,218.223,5,45.0,3.811,True,2026-09-29T13:28:28.737603+00:00
3,simulation,after,BNBUSDT,215.747,5,45.0,3.811,True,2026-09-29T13:28:28.737603+00:00
4,simulation,after,BNBUSDT,185.756,5,45.0,3.811,True,2026-09-29T13:28:28.737603+00:00
5,simulation,after,BNBUSDT,234.148,5,45.0,3.811,True,2026-09-29T13:28:28.737603+00:00
6,simulation,after,BNBUSDT,259.458,5,45.0,3.811,True,2026-09-29T13:28:28.737603+00:00
7,simulation,after,BNBUSDT,206.614,5,45.0,3.811,True,2026-09-29T13:28:28.737603+00:00
8,simulation,after,BNBUSDT,238.646,5,45.0,3.811,True,2026-09-29T13:28:28.737603+00:00
9,simulation,after,BNBUSDT,199.816,5,45.0,3.811,True,2026-09-29T13:28:28.737603+00:00
10,simulation,after,BNBUSDT,201.756,5,45.0,3.811,True,2026-09-29T13:28:28.737603+00:00
11,simulation,after,BNBUSDT,239.229,5,45.0,3.811,True,2026-09-29T13:28:28.737603+00:00
12,simulation,after,BNBUSDT,230.173,5,45.0,3.811,True,2026-09-29T13:28:28.737603+00:00
13,simulation,after,BNBUSDT,225.551,5,45.0,3.811,True,2026-09-29T13:28:28.737603+00:00
14,simulation,after,BNBUSDT,215.449,5,45.0,3.811,True,2026-09-29T13:28:28.737603+00:00
15,simulation,after,BNBUSDT,214.777,5,45.0,3.811,True,2026-09-29T13:28:28.737603+00:00
16,simulation,after,BNBUSDT,212.224,5,45.0,3.811,True,2026-09-29T13:28:28.737603+00:00
17,simulation,after,BNBUSDT,209.54,5,45.0,3.811,True,2026-09-29T13:28:28.737603+00:00
18,simulation,after,BNBUSDT,218.821,5,45.0,3.811,True,2026-09-29T13:28:28.737603+00:00
19,simulation,after,BNBUSDT,237.214,5,45.0,3.811,True,2026-09-29T13:28:28.737603+00:00
20,simulation,after,BNBUSDT,230.067,5,45.0,3.811,True,2026-09-29T13:28:28.737603+00:00
1,simulation,before,XRPUSDT,710.994,199,0.0,,True,2026-09-29T13:28:29.512468+00:00
2,simulation,before,XRPUSDT,925.437,199,0.0,,True,2026-09-29T13:28:29.512468+00:00
3,simulation,before,XRPUSDT,844.738,199,0.0,,True,2026-09-29T13:28:29.512468+00:00
4,simulation,before,XRPUSDT,810.219,199,0.0,,True,2026-09-29T13:28:29.512468+00:00
5,simulation,before,XRPUSDT,956.419,199,0.0,,True,2026-09-29T13:28:29.512468+00:00
6,simulation,before,XRPUSDT,830.357,199,0.0,,True,2026-09-29T13:28:29.512468+00:00
7,simulation,before,XRPUSDT,762.64,199,0.0,,True,2026-09-29T13:28:29.512468+00:00
8,simulation,before,XRPUSDT,804.995,199,0.0,,True,2026-09-29T13:28:29.512468+00:00
9,simulation,before,XRPUSDT,894.147,199,0.0,,True,2026-09-29T13:28:29.512468+00:00
10,simulation,before,XRPUSDT,818.68,199,0.0,,True,2026-09-29T13:28:29.512468+00:00
11,simulation,before,XRPUSDT,797.199,199,0.0,,True,2026-09-29T13:28:29.512468+00:00
12,simulation,before,XRPUSDT,735.005,199,0.0,,True,2026-09-29T13:28:29.512468+00:00
13,simulation,before,XRPUSDT,911.116,199,0.0,,True,2026-09-29T13:28:29.512468+00:00
14,simulation,before,XRPUSDT,833.354,199,0.0,,True,2026-09-29T13:28:29.512468+00:00
15,simulation,before,XRPUSDT,728.172,199,0.0,,True,2026-09-29T13:28:29.512468+00:00
16,simulation,before,XRPUSDT,888.471,199,0.0,,True,2026-09-29T13:28:29.512468+00:00
17,simulation,before,XRPUSDT,880.563,199,0.0,,True,2026-09-29T13:28:29.512468+00:00
18,simulation,before,XRPUSDT,949.721,199,0.0,,True,2026-09-29T13:28:29.512468+00:00
19,simulation,before,XRPUSDT,840.887,199,0.0,,True,2026-09-29T13:28:29.512468+00:00
20,simulation,before,XRPUSDT,808.255,199,0.0,,True,2026-09-29T13:28:29.512468+00:00
1,simulation,after,XRPUSDT,205.807,10,45.0,3.803,True,2026-09-29T13:28:29.512468+00:00
2,simulation,after,XRPUSDT,195.031,10,45.0,3.803,True,2026-09-29T13:28:29.512468+00:00
3,simulation,after,XRPUSDT,225.434,10,45.0,3.803,True,2026-09-29T13:28:29.512468+00:00
4,simulation,after,XRPUSDT,226.448,10,45.0,3.803,True,2026-09-29T13:28:29.512468+00:00
5,simulation,after,XRPUSDT,191.041,10,45.0,3.803,True,2026-09-29T13:28:29.512468+00:00
6,simulation,after,XRPUSDT,212.981,10,45.0,3.803,True,2026-09-29T13:28:29.512468+00:00
7,simulation,after,XRPUSDT,199.393,10,45.0,3.803,True,2026-09-29T13:28:29.512468+00:00
8,simulation,after,XRPUSDT,233.432,10,45.0,3.803,True,2026-09-29T13:28:29.512468+00:00
9,simulation,after,XRPUSDT,200.702,10,45.0,3.803,True,2026-09-29T13:28:29.512468+00:00
10,simulation,after,XRPUSDT,195.396,10,45.0,3.803,True,2026-09-29T13:28:29.512468+00:00
11,simulation,after,XRPUSDT,199.632,10,45.0,3.803,True,2026-09-29T13:28:29.512468+00:00
12,simulation,after,XRPUSDT,243.707,10,45.0,3.803,True,2026-09-29T13:28:29.512468+00:00
13,simulation,after,XRPUSDT,214.779,10,45.0,3.803,True,2026-09-29T13:28:29.512468+00:00
14,simulation,after,XRPUSDT,227.425,10,45.0,3.803,True,2026-09-29T13:28:29.512468+00:00
15,simulation,after,XRPUSDT,208.878,10,45.0,3.803,True,2026-09-29T13:28:29.512468+00:00
16,simulation,after,XRPUSDT,208.141,10,45.0,3.803,True,2026-09-29T13:28:29.512468+00:00
17,simulation,after,XRPUSDT,200.027,10,45.0,3.803,True,2026-09-29T13:28:29.512468+00:00
18,simulation,after,XRPUSDT,236.54,10,45.0,3.803,True,2026-09-29T13:28:29.512468+00:00
19,simulation,after,XRPUSDT,165.405,10,45.0,3.803,True,2026-09-29T13:28:29.512468+00:00
20,simulation,after,XRPUSDT,216.553,10,45.0,3.803,True,2026-09-29T13:28:29.512468+00:00
