symbol,query_start,query_end,matched_candles,coverage_pct,mae,mape_pct,rmse,ts
BTCUSDT,2026-09-02T06:16:10.048650+00:00,2026-09-02T08:16:10.048650+00:00,0,0.0,0.0,0.0,0.0,2026-09-27T06:16:10.084516+00:00
ETHUSDT,2026-09-02T06:16:10.048650+00:00,2026-09-02T08:16:10.048650+00:00,0,0.0,0.0,0.0,0.0,2026-09-27T06:16:10.084516+00:00
BTCUSDT,2026-09-02T06:08:00+00:00,2026-09-02T07:08:00+00:00,0,0.0,0.0,0.0,0.0,2026-09-29T07:52:04.914572+00:00
ETHUSDT,2026-09-02T06:08:00+00:00,2026-09-02T07:08:00+00:00,0,0.0,0.0,0.0,0.0,2026-09-29T07:52:04.914572+00:00
BTCUSDT,2026-09-02T06:08:00+00:00,2026-09-02T07:08:00+00:00,120,100.0,65.302452,0.0821,81.474901,2026-09-29T08:23:32.972117+00:00
ETHUSDT,2026-09-02T06:08:00+00:00,2026-09-02T07:08:00+00:00,120,100.0,2.312765,0.0948,2.868576,2026-09-29T08:23:32.972117+00:00
SOLUSDT,2026-09-06T14:23:04.368000,2026-09-06T16:10:13.566000,120,100.0,0.081925,0.0584,0.090147,2026-09-29T13:30:33.455583+00:00
BNBUSDT,2026-09-06T14:23:04.368000,2026-09-06T16:10:13.566000,120,100.0,0.363858,0.0626,0.402835,2026-09-29T13:30:33.455583+00:00
XRPUSDT,2026-09-06T14:23:04.368000,2026-09-06T16:10:13.566000,120,100.0,0.000333,0.0574,0.000367,2026-09-29T13:30:33.455583+00:00
